[
{
  "model": "admin.logentry",
  "pk": 1,
  "fields": {
    "action_time": "2021-07-18T14:49:06.651Z",
    "user": 1,
    "content_type": 7,
    "object_id": "1",
    "object_repr": "Інформатіка",
    "action_flag": 1,
    "change_message": "[{\"added\": {}}]"
  }
},
{
  "model": "admin.logentry",
  "pk": 2,
  "fields": {
    "action_time": "2021-07-18T14:49:20.059Z",
    "user": 1,
    "content_type": 7,
    "object_id": "2",
    "object_repr": "Алгебра",
    "action_flag": 1,
    "change_message": "[{\"added\": {}}]"
  }
},
{
  "model": "admin.logentry",
  "pk": 3,
  "fields": {
    "action_time": "2021-07-18T14:49:28.602Z",
    "user": 1,
    "content_type": 7,
    "object_id": "3",
    "object_repr": "Геометрія",
    "action_flag": 1,
    "change_message": "[{\"added\": {}}]"
  }
},
{
  "model": "admin.logentry",
  "pk": 4,
  "fields": {
    "action_time": "2021-07-18T14:49:33.050Z",
    "user": 1,
    "content_type": 7,
    "object_id": "4",
    "object_repr": "Математика",
    "action_flag": 1,
    "change_message": "[{\"added\": {}}]"
  }
},
{
  "model": "admin.logentry",
  "pk": 5,
  "fields": {
    "action_time": "2021-07-18T14:49:53.564Z",
    "user": 1,
    "content_type": 3,
    "object_id": "1",
    "object_repr": "Адміністратор",
    "action_flag": 1,
    "change_message": "[{\"added\": {}}]"
  }
},
{
  "model": "admin.logentry",
  "pk": 6,
  "fields": {
    "action_time": "2021-07-18T14:49:59.436Z",
    "user": 1,
    "content_type": 3,
    "object_id": "1",
    "object_repr": "Адміністратор",
    "action_flag": 2,
    "change_message": "[{\"changed\": {\"fields\": [\"Permissions\"]}}]"
  }
},
{
  "model": "admin.logentry",
  "pk": 7,
  "fields": {
    "action_time": "2021-07-18T14:50:07.909Z",
    "user": 1,
    "content_type": 3,
    "object_id": "2",
    "object_repr": "Секретар",
    "action_flag": 1,
    "change_message": "[{\"added\": {}}]"
  }
},
{
  "model": "admin.logentry",
  "pk": 8,
  "fields": {
    "action_time": "2021-07-18T14:50:16.628Z",
    "user": 1,
    "content_type": 3,
    "object_id": "3",
    "object_repr": "Вчитель",
    "action_flag": 1,
    "change_message": "[{\"added\": {}}]"
  }
},
{
  "model": "admin.logentry",
  "pk": 9,
  "fields": {
    "action_time": "2021-07-18T14:50:23.572Z",
    "user": 1,
    "content_type": 3,
    "object_id": "4",
    "object_repr": "Учень",
    "action_flag": 1,
    "change_message": "[{\"added\": {}}]"
  }
},
{
  "model": "admin.logentry",
  "pk": 10,
  "fields": {
    "action_time": "2021-07-18T14:50:43.625Z",
    "user": 1,
    "content_type": 4,
    "object_id": "1",
    "object_repr": "Адмін",
    "action_flag": 2,
    "change_message": "[{\"changed\": {\"fields\": [\"Groups\"]}}]"
  }
},
{
  "model": "admin.logentry",
  "pk": 11,
  "fields": {
    "action_time": "2021-07-18T14:51:10.809Z",
    "user": 1,
    "content_type": 4,
    "object_id": "2",
    "object_repr": "Секретар",
    "action_flag": 1,
    "change_message": "[{\"added\": {}}]"
  }
},
{
  "model": "admin.logentry",
  "pk": 12,
  "fields": {
    "action_time": "2021-07-18T14:51:18.290Z",
    "user": 1,
    "content_type": 4,
    "object_id": "2",
    "object_repr": "Секретар",
    "action_flag": 2,
    "change_message": "[{\"changed\": {\"fields\": [\"Groups\"]}}]"
  }
},
{
  "model": "admin.logentry",
  "pk": 13,
  "fields": {
    "action_time": "2021-07-18T15:43:16.322Z",
    "user": 1,
    "content_type": 4,
    "object_id": "2",
    "object_repr": "Секретар",
    "action_flag": 2,
    "change_message": "[]"
  }
},
{
  "model": "admin.logentry",
  "pk": 14,
  "fields": {
    "action_time": "2021-07-18T16:46:12.013Z",
    "user": 1,
    "content_type": 4,
    "object_id": "3",
    "object_repr": "aa",
    "action_flag": 3,
    "change_message": ""
  }
},
{
  "model": "admin.logentry",
  "pk": 15,
  "fields": {
    "action_time": "2021-07-19T06:04:32.405Z",
    "user": 1,
    "content_type": 4,
    "object_id": "4",
    "object_repr": "Се",
    "action_flag": 3,
    "change_message": ""
  }
},
{
  "model": "admin.logentry",
  "pk": 16,
  "fields": {
    "action_time": "2021-07-19T06:04:37.979Z",
    "user": 1,
    "content_type": 4,
    "object_id": "5",
    "object_repr": "Наталія",
    "action_flag": 3,
    "change_message": ""
  }
},
{
  "model": "admin.logentry",
  "pk": 17,
  "fields": {
    "action_time": "2021-07-19T06:35:45.444Z",
    "user": 1,
    "content_type": 4,
    "object_id": "6",
    "object_repr": "Наталія",
    "action_flag": 3,
    "change_message": ""
  }
},
{
  "model": "admin.logentry",
  "pk": 18,
  "fields": {
    "action_time": "2021-07-19T06:38:20.612Z",
    "user": 1,
    "content_type": 4,
    "object_id": "7",
    "object_repr": "Наталія",
    "action_flag": 3,
    "change_message": ""
  }
},
{
  "model": "admin.logentry",
  "pk": 19,
  "fields": {
    "action_time": "2021-07-19T06:41:05.220Z",
    "user": 1,
    "content_type": 4,
    "object_id": "8",
    "object_repr": "Наталія",
    "action_flag": 3,
    "change_message": ""
  }
},
{
  "model": "admin.logentry",
  "pk": 20,
  "fields": {
    "action_time": "2021-07-19T06:42:05.724Z",
    "user": 1,
    "content_type": 4,
    "object_id": "9",
    "object_repr": "Наталія",
    "action_flag": 3,
    "change_message": ""
  }
},
{
  "model": "admin.logentry",
  "pk": 21,
  "fields": {
    "action_time": "2021-07-19T06:44:38.109Z",
    "user": 1,
    "content_type": 4,
    "object_id": "10",
    "object_repr": "Наталія",
    "action_flag": 3,
    "change_message": ""
  }
},
{
  "model": "admin.logentry",
  "pk": 22,
  "fields": {
    "action_time": "2021-07-19T08:07:21.958Z",
    "user": 1,
    "content_type": 4,
    "object_id": "17",
    "object_repr": "Наталія",
    "action_flag": 3,
    "change_message": ""
  }
},
{
  "model": "admin.logentry",
  "pk": 23,
  "fields": {
    "action_time": "2021-07-19T08:08:30.606Z",
    "user": 1,
    "content_type": 4,
    "object_id": "18",
    "object_repr": "Наталія",
    "action_flag": 3,
    "change_message": ""
  }
},
{
  "model": "admin.logentry",
  "pk": 24,
  "fields": {
    "action_time": "2021-07-19T08:09:57.405Z",
    "user": 1,
    "content_type": 4,
    "object_id": "19",
    "object_repr": "Наталія",
    "action_flag": 3,
    "change_message": ""
  }
},
{
  "model": "admin.logentry",
  "pk": 25,
  "fields": {
    "action_time": "2021-07-19T08:11:36.446Z",
    "user": 1,
    "content_type": 4,
    "object_id": "20",
    "object_repr": "Наталія",
    "action_flag": 3,
    "change_message": ""
  }
},
{
  "model": "admin.logentry",
  "pk": 26,
  "fields": {
    "action_time": "2021-07-19T08:13:03.910Z",
    "user": 1,
    "content_type": 4,
    "object_id": "21",
    "object_repr": "Наталія",
    "action_flag": 3,
    "change_message": ""
  }
},
{
  "model": "admin.logentry",
  "pk": 27,
  "fields": {
    "action_time": "2021-07-19T08:17:16.462Z",
    "user": 1,
    "content_type": 4,
    "object_id": "22",
    "object_repr": "Наталія",
    "action_flag": 3,
    "change_message": ""
  }
},
{
  "model": "admin.logentry",
  "pk": 28,
  "fields": {
    "action_time": "2021-07-19T08:19:41.846Z",
    "user": 1,
    "content_type": 4,
    "object_id": "23",
    "object_repr": "Наталія",
    "action_flag": 3,
    "change_message": ""
  }
},
{
  "model": "admin.logentry",
  "pk": 29,
  "fields": {
    "action_time": "2021-07-19T08:19:46.063Z",
    "user": 1,
    "content_type": 4,
    "object_id": "24",
    "object_repr": "р",
    "action_flag": 3,
    "change_message": ""
  }
},
{
  "model": "admin.logentry",
  "pk": 30,
  "fields": {
    "action_time": "2021-07-19T08:25:53.501Z",
    "user": 1,
    "content_type": 4,
    "object_id": "25",
    "object_repr": "Наталія",
    "action_flag": 3,
    "change_message": ""
  }
},
{
  "model": "admin.logentry",
  "pk": 31,
  "fields": {
    "action_time": "2021-07-19T08:25:57.374Z",
    "user": 1,
    "content_type": 4,
    "object_id": "26",
    "object_repr": "к",
    "action_flag": 3,
    "change_message": ""
  }
},
{
  "model": "admin.logentry",
  "pk": 32,
  "fields": {
    "action_time": "2021-07-19T08:27:30.854Z",
    "user": 1,
    "content_type": 4,
    "object_id": "27",
    "object_repr": "екретар",
    "action_flag": 3,
    "change_message": ""
  }
},
{
  "model": "admin.logentry",
  "pk": 33,
  "fields": {
    "action_time": "2021-07-19T08:37:01.309Z",
    "user": 1,
    "content_type": 4,
    "object_id": "29",
    "object_repr": "Се",
    "action_flag": 3,
    "change_message": ""
  }
},
{
  "model": "admin.logentry",
  "pk": 34,
  "fields": {
    "action_time": "2021-07-19T08:46:18.286Z",
    "user": 1,
    "content_type": 4,
    "object_id": "31",
    "object_repr": "С",
    "action_flag": 3,
    "change_message": ""
  }
},
{
  "model": "admin.logentry",
  "pk": 35,
  "fields": {
    "action_time": "2021-07-19T08:49:09.143Z",
    "user": 1,
    "content_type": 4,
    "object_id": "32",
    "object_repr": "Секрета",
    "action_flag": 3,
    "change_message": ""
  }
},
{
  "model": "admin.logentry",
  "pk": 36,
  "fields": {
    "action_time": "2021-07-19T09:14:54.687Z",
    "user": 1,
    "content_type": 4,
    "object_id": "40",
    "object_repr": "Секр",
    "action_flag": 3,
    "change_message": ""
  }
},
{
  "model": "admin.logentry",
  "pk": 37,
  "fields": {
    "action_time": "2021-07-19T10:34:08.584Z",
    "user": 1,
    "content_type": 4,
    "object_id": "36",
    "object_repr": "Наталія",
    "action_flag": 3,
    "change_message": ""
  }
},
{
  "model": "admin.logentry",
  "pk": 38,
  "fields": {
    "action_time": "2021-07-19T13:59:51.984Z",
    "user": 1,
    "content_type": 4,
    "object_id": "47",
    "object_repr": "Секртар",
    "action_flag": 3,
    "change_message": ""
  }
},
{
  "model": "admin.logentry",
  "pk": 39,
  "fields": {
    "action_time": "2021-07-19T15:09:28.121Z",
    "user": 1,
    "content_type": 4,
    "object_id": "52",
    "object_repr": "cccc",
    "action_flag": 3,
    "change_message": ""
  }
},
{
  "model": "admin.logentry",
  "pk": 40,
  "fields": {
    "action_time": "2021-07-19T15:24:09.405Z",
    "user": 1,
    "content_type": 4,
    "object_id": "53",
    "object_repr": "rrr",
    "action_flag": 3,
    "change_message": ""
  }
},
{
  "model": "admin.logentry",
  "pk": 41,
  "fields": {
    "action_time": "2021-07-19T15:28:00.430Z",
    "user": 1,
    "content_type": 7,
    "object_id": "5",
    "object_repr": "Наталія",
    "action_flag": 3,
    "change_message": ""
  }
},
{
  "model": "admin.logentry",
  "pk": 42,
  "fields": {
    "action_time": "2021-07-19T15:28:00.490Z",
    "user": 1,
    "content_type": 7,
    "object_id": "6",
    "object_repr": "Ялта",
    "action_flag": 3,
    "change_message": ""
  }
},
{
  "model": "admin.logentry",
  "pk": 43,
  "fields": {
    "action_time": "2021-07-19T15:32:51.766Z",
    "user": 1,
    "content_type": 4,
    "object_id": "59",
    "object_repr": "Наталія",
    "action_flag": 3,
    "change_message": ""
  }
},
{
  "model": "admin.logentry",
  "pk": 44,
  "fields": {
    "action_time": "2021-07-19T17:00:56.289Z",
    "user": 1,
    "content_type": 4,
    "object_id": "64",
    "object_repr": "fff",
    "action_flag": 3,
    "change_message": ""
  }
},
{
  "model": "admin.logentry",
  "pk": 45,
  "fields": {
    "action_time": "2021-07-19T17:00:56.348Z",
    "user": 1,
    "content_type": 4,
    "object_id": "63",
    "object_repr": "ggg",
    "action_flag": 3,
    "change_message": ""
  }
},
{
  "model": "admin.logentry",
  "pk": 46,
  "fields": {
    "action_time": "2021-07-19T17:01:02.719Z",
    "user": 1,
    "content_type": 4,
    "object_id": "61",
    "object_repr": "Наталія",
    "action_flag": 3,
    "change_message": ""
  }
},
{
  "model": "admin.logentry",
  "pk": 47,
  "fields": {
    "action_time": "2021-07-19T17:01:23.119Z",
    "user": 1,
    "content_type": 4,
    "object_id": "65",
    "object_repr": "Наталія",
    "action_flag": 2,
    "change_message": "[{\"changed\": {\"fields\": [\"Username\"]}}]"
  }
},
{
  "model": "admin.logentry",
  "pk": 48,
  "fields": {
    "action_time": "2021-07-20T06:31:22.057Z",
    "user": 1,
    "content_type": 4,
    "object_id": "66",
    "object_repr": "nnn",
    "action_flag": 3,
    "change_message": ""
  }
},
{
  "model": "admin.logentry",
  "pk": 49,
  "fields": {
    "action_time": "2021-07-20T06:31:26.673Z",
    "user": 1,
    "content_type": 4,
    "object_id": "65",
    "object_repr": "Наталія",
    "action_flag": 3,
    "change_message": ""
  }
},
{
  "model": "admin.logentry",
  "pk": 50,
  "fields": {
    "action_time": "2021-07-20T07:14:15.009Z",
    "user": 1,
    "content_type": 4,
    "object_id": "67",
    "object_repr": "Наталія",
    "action_flag": 3,
    "change_message": ""
  }
},
{
  "model": "admin.logentry",
  "pk": 51,
  "fields": {
    "action_time": "2021-07-20T08:29:26.832Z",
    "user": 1,
    "content_type": 8,
    "object_id": "3",
    "object_repr": "Нат Манчу Володимирівн",
    "action_flag": 3,
    "change_message": ""
  }
},
{
  "model": "admin.logentry",
  "pk": 52,
  "fields": {
    "action_time": "2021-07-20T09:28:45.328Z",
    "user": 1,
    "content_type": 9,
    "object_id": "1",
    "object_repr": "Наталія Манчук Володимирівна",
    "action_flag": 2,
    "change_message": "[{\"changed\": {\"fields\": [\"\\u0421\\u0438\\u043f\\u0438\\u0441\\u043e\\u043a \\u043f\\u0440\\u0435\\u0434\\u043c\\u0435\\u0442i\\u0432\"]}}]"
  }
},
{
  "model": "admin.logentry",
  "pk": 53,
  "fields": {
    "action_time": "2021-07-20T13:24:55.821Z",
    "user": 1,
    "content_type": 8,
    "object_id": "3",
    "object_repr": "Наталія Манчук Володимирівна",
    "action_flag": 3,
    "change_message": ""
  }
},
{
  "model": "admin.logentry",
  "pk": 54,
  "fields": {
    "action_time": "2021-07-20T13:27:59.438Z",
    "user": 1,
    "content_type": 8,
    "object_id": "4",
    "object_repr": "Наталі Манчук Володимирівна",
    "action_flag": 3,
    "change_message": ""
  }
},
{
  "model": "admin.logentry",
  "pk": 55,
  "fields": {
    "action_time": "2021-07-20T13:31:13.829Z",
    "user": 1,
    "content_type": 8,
    "object_id": "5",
    "object_repr": "Наталі Манчук Володимирівна",
    "action_flag": 3,
    "change_message": ""
  }
},
{
  "model": "admin.logentry",
  "pk": 56,
  "fields": {
    "action_time": "2021-07-20T14:52:52.175Z",
    "user": 1,
    "content_type": 8,
    "object_id": "6",
    "object_repr": "Наталі Манчук Володимирівна",
    "action_flag": 3,
    "change_message": ""
  }
},
{
  "model": "admin.logentry",
  "pk": 57,
  "fields": {
    "action_time": "2021-07-20T14:53:48.976Z",
    "user": 1,
    "content_type": 4,
    "object_id": "69",
    "object_repr": "Секрета",
    "action_flag": 3,
    "change_message": ""
  }
},
{
  "model": "admin.logentry",
  "pk": 58,
  "fields": {
    "action_time": "2021-07-21T16:29:51.812Z",
    "user": 1,
    "content_type": 10,
    "object_id": "1",
    "object_repr": "9-Б",
    "action_flag": 1,
    "change_message": "[{\"added\": {}}]"
  }
},
{
  "model": "admin.logentry",
  "pk": 59,
  "fields": {
    "action_time": "2021-07-21T16:37:54.974Z",
    "user": 1,
    "content_type": 4,
    "object_id": "71",
    "object_repr": "Тарас",
    "action_flag": 1,
    "change_message": "[{\"added\": {}}]"
  }
},
{
  "model": "admin.logentry",
  "pk": 60,
  "fields": {
    "action_time": "2021-07-21T16:38:07.354Z",
    "user": 1,
    "content_type": 4,
    "object_id": "71",
    "object_repr": "Тарас",
    "action_flag": 2,
    "change_message": "[{\"changed\": {\"fields\": [\"Groups\"]}}]"
  }
},
{
  "model": "admin.logentry",
  "pk": 61,
  "fields": {
    "action_time": "2021-07-21T16:40:00.675Z",
    "user": 1,
    "content_type": 11,
    "object_id": "1",
    "object_repr": "Тарас Б'ялик Васильович",
    "action_flag": 1,
    "change_message": "[{\"added\": {}}]"
  }
},
{
  "model": "admin.logentry",
  "pk": 62,
  "fields": {
    "action_time": "2021-07-21T16:42:02.059Z",
    "user": 1,
    "content_type": 4,
    "object_id": "72",
    "object_repr": "Нікіта",
    "action_flag": 1,
    "change_message": "[{\"added\": {}}]"
  }
},
{
  "model": "admin.logentry",
  "pk": 63,
  "fields": {
    "action_time": "2021-07-21T16:42:21.183Z",
    "user": 1,
    "content_type": 4,
    "object_id": "72",
    "object_repr": "Нікіта",
    "action_flag": 2,
    "change_message": "[{\"changed\": {\"fields\": [\"Groups\"]}}]"
  }
},
{
  "model": "admin.logentry",
  "pk": 64,
  "fields": {
    "action_time": "2021-07-21T16:42:36.398Z",
    "user": 1,
    "content_type": 4,
    "object_id": "72",
    "object_repr": "Нікіта",
    "action_flag": 3,
    "change_message": ""
  }
},
{
  "model": "admin.logentry",
  "pk": 65,
  "fields": {
    "action_time": "2021-07-22T07:11:12.147Z",
    "user": 1,
    "content_type": 11,
    "object_id": "1",
    "object_repr": "Тарас Б'ялик Васильович",
    "action_flag": 3,
    "change_message": ""
  }
},
{
  "model": "admin.logentry",
  "pk": 66,
  "fields": {
    "action_time": "2021-07-22T07:11:17.318Z",
    "user": 1,
    "content_type": 10,
    "object_id": "1",
    "object_repr": "9-Б",
    "action_flag": 3,
    "change_message": ""
  }
},
{
  "model": "admin.logentry",
  "pk": 67,
  "fields": {
    "action_time": "2021-07-22T07:19:16.657Z",
    "user": 1,
    "content_type": 4,
    "object_id": "71",
    "object_repr": "Тарас",
    "action_flag": 3,
    "change_message": ""
  }
},
{
  "model": "admin.logentry",
  "pk": 68,
  "fields": {
    "action_time": "2021-07-22T07:20:51.732Z",
    "user": 1,
    "content_type": 4,
    "object_id": "74",
    "object_repr": "Тарас",
    "action_flag": 3,
    "change_message": ""
  }
},
{
  "model": "admin.logentry",
  "pk": 69,
  "fields": {
    "action_time": "2021-07-22T11:17:40.983Z",
    "user": 1,
    "content_type": 12,
    "object_id": "1",
    "object_repr": "9",
    "action_flag": 1,
    "change_message": "[{\"added\": {}}]"
  }
},
{
  "model": "admin.logentry",
  "pk": 70,
  "fields": {
    "action_time": "2021-07-22T11:23:31.014Z",
    "user": 1,
    "content_type": 13,
    "object_id": "1",
    "object_repr": "Наталія Манчук Володимирівна - Інформатіка",
    "action_flag": 1,
    "change_message": "[{\"added\": {}}]"
  }
},
{
  "model": "admin.logentry",
  "pk": 71,
  "fields": {
    "action_time": "2021-07-22T14:45:02.186Z",
    "user": 1,
    "content_type": 12,
    "object_id": "1",
    "object_repr": "9",
    "action_flag": 3,
    "change_message": ""
  }
},
{
  "model": "admin.logentry",
  "pk": 72,
  "fields": {
    "action_time": "2021-07-22T15:04:21.208Z",
    "user": 1,
    "content_type": 12,
    "object_id": "2",
    "object_repr": "9",
    "action_flag": 3,
    "change_message": ""
  }
},
{
  "model": "admin.logentry",
  "pk": 73,
  "fields": {
    "action_time": "2021-07-23T14:55:58.105Z",
    "user": 1,
    "content_type": 13,
    "object_id": "1",
    "object_repr": "ClassTeacher object (1)",
    "action_flag": 3,
    "change_message": ""
  }
},
{
  "model": "admin.logentry",
  "pk": 74,
  "fields": {
    "action_time": "2021-07-23T15:15:24.754Z",
    "user": 1,
    "content_type": 13,
    "object_id": "1",
    "object_repr": "ClassTeacher object (1)",
    "action_flag": 3,
    "change_message": ""
  }
},
{
  "model": "admin.logentry",
  "pk": 75,
  "fields": {
    "action_time": "2021-07-23T15:20:04.446Z",
    "user": 1,
    "content_type": 13,
    "object_id": "2",
    "object_repr": "ClassTeacher object (2)",
    "action_flag": 3,
    "change_message": ""
  }
},
{
  "model": "admin.logentry",
  "pk": 76,
  "fields": {
    "action_time": "2021-07-23T15:28:49.472Z",
    "user": 1,
    "content_type": 13,
    "object_id": "5",
    "object_repr": "ClassTeacher object (5)",
    "action_flag": 3,
    "change_message": ""
  }
},
{
  "model": "admin.logentry",
  "pk": 77,
  "fields": {
    "action_time": "2021-07-23T15:28:58.432Z",
    "user": 1,
    "content_type": 13,
    "object_id": "3",
    "object_repr": "ClassTeacher object (3)",
    "action_flag": 3,
    "change_message": ""
  }
},
{
  "model": "admin.logentry",
  "pk": 78,
  "fields": {
    "action_time": "2021-07-23T15:29:01.007Z",
    "user": 1,
    "content_type": 13,
    "object_id": "4",
    "object_repr": "ClassTeacher object (4)",
    "action_flag": 3,
    "change_message": ""
  }
},
{
  "model": "admin.logentry",
  "pk": 79,
  "fields": {
    "action_time": "2021-07-23T15:30:13.527Z",
    "user": 1,
    "content_type": 13,
    "object_id": "7",
    "object_repr": "ClassTeacher object (7)",
    "action_flag": 3,
    "change_message": ""
  }
},
{
  "model": "admin.logentry",
  "pk": 80,
  "fields": {
    "action_time": "2021-07-25T09:54:39.169Z",
    "user": 1,
    "content_type": 8,
    "object_id": "9",
    "object_repr": "Ольга Вітвіцька Валеріївна",
    "action_flag": 2,
    "change_message": "[{\"changed\": {\"fields\": [\"\\u041f\\u0440\\u0456\\u0437\\u0432\\u0438\\u0449\\u0435\"]}}]"
  }
},
{
  "model": "admin.logentry",
  "pk": 81,
  "fields": {
    "action_time": "2021-07-25T10:15:41.165Z",
    "user": 1,
    "content_type": 13,
    "object_id": "8",
    "object_repr": "ClassTeacher object (8)",
    "action_flag": 1,
    "change_message": "[{\"added\": {}}]"
  }
},
{
  "model": "admin.logentry",
  "pk": 82,
  "fields": {
    "action_time": "2021-07-25T10:16:21.073Z",
    "user": 1,
    "content_type": 10,
    "object_id": "3",
    "object_repr": "1-A",
    "action_flag": 1,
    "change_message": "[{\"added\": {}}]"
  }
},
{
  "model": "admin.logentry",
  "pk": 83,
  "fields": {
    "action_time": "2021-07-25T10:16:36.561Z",
    "user": 1,
    "content_type": 13,
    "object_id": "9",
    "object_repr": "ClassTeacher object (9)",
    "action_flag": 1,
    "change_message": "[{\"added\": {}}]"
  }
},
{
  "model": "admin.logentry",
  "pk": 84,
  "fields": {
    "action_time": "2021-07-25T10:16:59.999Z",
    "user": 1,
    "content_type": 10,
    "object_id": "3",
    "object_repr": "1-A",
    "action_flag": 3,
    "change_message": ""
  }
},
{
  "model": "admin.logentry",
  "pk": 85,
  "fields": {
    "action_time": "2021-07-25T10:17:07.238Z",
    "user": 1,
    "content_type": 13,
    "object_id": "8",
    "object_repr": "ClassTeacher object (8)",
    "action_flag": 3,
    "change_message": ""
  }
},
{
  "model": "admin.logentry",
  "pk": 86,
  "fields": {
    "action_time": "2021-07-25T15:17:50.367Z",
    "user": 1,
    "content_type": 8,
    "object_id": "9",
    "object_repr": "Ольга Вітвіцька Валеріївна",
    "action_flag": 3,
    "change_message": ""
  }
},
{
  "model": "admin.logentry",
  "pk": 87,
  "fields": {
    "action_time": "2021-07-25T15:18:02.536Z",
    "user": 1,
    "content_type": 4,
    "object_id": "76",
    "object_repr": "Ольга",
    "action_flag": 3,
    "change_message": ""
  }
},
{
  "model": "admin.logentry",
  "pk": 88,
  "fields": {
    "action_time": "2021-07-25T16:46:05.558Z",
    "user": 1,
    "content_type": 4,
    "object_id": "77",
    "object_repr": "Ольга",
    "action_flag": 1,
    "change_message": "[{\"added\": {}}]"
  }
},
{
  "model": "admin.logentry",
  "pk": 89,
  "fields": {
    "action_time": "2021-07-25T16:47:46.605Z",
    "user": 1,
    "content_type": 8,
    "object_id": "10",
    "object_repr": "Ольга Вітвіцька Валеріївна",
    "action_flag": 1,
    "change_message": "[{\"added\": {}}]"
  }
},
{
  "model": "admin.logentry",
  "pk": 90,
  "fields": {
    "action_time": "2021-07-25T16:48:05.765Z",
    "user": 1,
    "content_type": 9,
    "object_id": "5",
    "object_repr": "Ольга Вітвіцька Валеріївна",
    "action_flag": 1,
    "change_message": "[{\"added\": {}}]"
  }
},
{
  "model": "admin.logentry",
  "pk": 91,
  "fields": {
    "action_time": "2021-07-25T16:48:18.013Z",
    "user": 1,
    "content_type": 10,
    "object_id": "4",
    "object_repr": "1-A",
    "action_flag": 1,
    "change_message": "[{\"added\": {}}]"
  }
},
{
  "model": "admin.logentry",
  "pk": 92,
  "fields": {
    "action_time": "2021-07-25T16:48:36.437Z",
    "user": 1,
    "content_type": 13,
    "object_id": "10",
    "object_repr": "ClassTeacher object (10)",
    "action_flag": 1,
    "change_message": "[{\"added\": {}}]"
  }
},
{
  "model": "admin.logentry",
  "pk": 93,
  "fields": {
    "action_time": "2021-07-25T16:48:47.470Z",
    "user": 1,
    "content_type": 13,
    "object_id": "11",
    "object_repr": "ClassTeacher object (11)",
    "action_flag": 1,
    "change_message": "[{\"added\": {}}]"
  }
},
{
  "model": "admin.logentry",
  "pk": 94,
  "fields": {
    "action_time": "2021-07-25T16:49:07.907Z",
    "user": 1,
    "content_type": 4,
    "object_id": "77",
    "object_repr": "Ольга",
    "action_flag": 3,
    "change_message": ""
  }
},
{
  "model": "admin.logentry",
  "pk": 95,
  "fields": {
    "action_time": "2021-07-26T17:03:51.177Z",
    "user": 1,
    "content_type": 4,
    "object_id": "78",
    "object_repr": "Ірина",
    "action_flag": 1,
    "change_message": "[{\"added\": {}}]"
  }
},
{
  "model": "admin.logentry",
  "pk": 96,
  "fields": {
    "action_time": "2021-07-26T17:04:09.688Z",
    "user": 1,
    "content_type": 4,
    "object_id": "78",
    "object_repr": "Ірина",
    "action_flag": 2,
    "change_message": "[{\"changed\": {\"fields\": [\"Groups\"]}}]"
  }
},
{
  "model": "admin.logentry",
  "pk": 97,
  "fields": {
    "action_time": "2021-07-26T17:05:04.881Z",
    "user": 1,
    "content_type": 8,
    "object_id": "11",
    "object_repr": "Ірина Азьома Валеріївна",
    "action_flag": 1,
    "change_message": "[{\"added\": {}}]"
  }
},
{
  "model": "admin.logentry",
  "pk": 98,
  "fields": {
    "action_time": "2021-07-26T17:05:31.640Z",
    "user": 1,
    "content_type": 7,
    "object_id": "11",
    "object_repr": "Англійська",
    "action_flag": 1,
    "change_message": "[{\"added\": {}}]"
  }
},
{
  "model": "admin.logentry",
  "pk": 99,
  "fields": {
    "action_time": "2021-07-26T17:05:45.203Z",
    "user": 1,
    "content_type": 9,
    "object_id": "6",
    "object_repr": "Ірина Азьома Валеріївна",
    "action_flag": 1,
    "change_message": "[{\"added\": {}}]"
  }
},
{
  "model": "admin.logentry",
  "pk": 100,
  "fields": {
    "action_time": "2021-07-26T17:06:06.777Z",
    "user": 1,
    "content_type": 10,
    "object_id": "5",
    "object_repr": "9-A",
    "action_flag": 1,
    "change_message": "[{\"added\": {}}]"
  }
},
{
  "model": "admin.logentry",
  "pk": 101,
  "fields": {
    "action_time": "2021-07-26T17:06:45.635Z",
    "user": 1,
    "content_type": 13,
    "object_id": "12",
    "object_repr": "ClassTeacher object (12)",
    "action_flag": 1,
    "change_message": "[{\"added\": {}}]"
  }
},
{
  "model": "admin.logentry",
  "pk": 102,
  "fields": {
    "action_time": "2021-07-26T17:08:54.939Z",
    "user": 1,
    "content_type": 12,
    "object_id": "3",
    "object_repr": "9",
    "action_flag": 2,
    "change_message": "[{\"changed\": {\"fields\": [\"\\u041f\\u0440\\u0435\\u0434\\u043c\\u0435\\u0442\\u0438\"]}}]"
  }
},
{
  "model": "admin.logentry",
  "pk": 103,
  "fields": {
    "action_time": "2021-07-26T17:09:20.179Z",
    "user": 1,
    "content_type": 12,
    "object_id": "3",
    "object_repr": "9",
    "action_flag": 2,
    "change_message": "[{\"changed\": {\"fields\": [\"\\u041f\\u0440\\u0435\\u0434\\u043c\\u0435\\u0442\\u0438\"]}}]"
  }
},
{
  "model": "admin.logentry",
  "pk": 104,
  "fields": {
    "action_time": "2021-07-26T17:10:37.035Z",
    "user": 1,
    "content_type": 12,
    "object_id": "3",
    "object_repr": "9",
    "action_flag": 2,
    "change_message": "[{\"changed\": {\"fields\": [\"\\u041f\\u0440\\u0435\\u0434\\u043c\\u0435\\u0442\\u0438\"]}}]"
  }
},
{
  "model": "admin.logentry",
  "pk": 105,
  "fields": {
    "action_time": "2021-07-26T17:56:39.455Z",
    "user": 1,
    "content_type": 13,
    "object_id": "12",
    "object_repr": "ClassTeacher object (12)",
    "action_flag": 2,
    "change_message": "[]"
  }
},
{
  "model": "admin.logentry",
  "pk": 106,
  "fields": {
    "action_time": "2021-07-27T12:43:53.746Z",
    "user": 1,
    "content_type": 10,
    "object_id": "5",
    "object_repr": "5-A",
    "action_flag": 2,
    "change_message": "[{\"changed\": {\"fields\": [\"\\u041d\\u043e\\u043c\\u0435\\u0440 \\u043a\\u043b\\u0430\\u0441\\u0441\\u0430\"]}}]"
  }
},
{
  "model": "admin.logentry",
  "pk": 107,
  "fields": {
    "action_time": "2021-07-28T06:29:15.023Z",
    "user": 1,
    "content_type": 13,
    "object_id": "13",
    "object_repr": "Наталія Манчук Володимирівна - вчитель 5-A",
    "action_flag": 1,
    "change_message": "[{\"added\": {}}]"
  }
},
{
  "model": "admin.logentry",
  "pk": 108,
  "fields": {
    "action_time": "2021-07-28T06:39:37.725Z",
    "user": 1,
    "content_type": 14,
    "object_id": "1",
    "object_repr": "Тематична",
    "action_flag": 1,
    "change_message": "[{\"added\": {}}]"
  }
},
{
  "model": "admin.logentry",
  "pk": 109,
  "fields": {
    "action_time": "2021-07-28T06:39:58.675Z",
    "user": 1,
    "content_type": 14,
    "object_id": "2",
    "object_repr": "Звичайна",
    "action_flag": 1,
    "change_message": "[{\"added\": {}}]"
  }
},
{
  "model": "admin.logentry",
  "pk": 110,
  "fields": {
    "action_time": "2021-07-28T06:40:07.075Z",
    "user": 1,
    "content_type": 14,
    "object_id": "3",
    "object_repr": "Семестрова",
    "action_flag": 1,
    "change_message": "[{\"added\": {}}]"
  }
},
{
  "model": "admin.logentry",
  "pk": 111,
  "fields": {
    "action_time": "2021-07-28T06:40:12.677Z",
    "user": 1,
    "content_type": 14,
    "object_id": "4",
    "object_repr": "Річна",
    "action_flag": 1,
    "change_message": "[{\"added\": {}}]"
  }
},
{
  "model": "admin.logentry",
  "pk": 112,
  "fields": {
    "action_time": "2021-07-28T06:53:06.622Z",
    "user": 1,
    "content_type": 15,
    "object_id": "1",
    "object_repr": "10",
    "action_flag": 1,
    "change_message": "[{\"added\": {}}]"
  }
},
{
  "model": "admin.logentry",
  "pk": 113,
  "fields": {
    "action_time": "2021-07-28T09:34:50.571Z",
    "user": 1,
    "content_type": 15,
    "object_id": "1",
    "object_repr": "10",
    "action_flag": 2,
    "change_message": "[]"
  }
},
{
  "model": "admin.logentry",
  "pk": 114,
  "fields": {
    "action_time": "2021-07-28T09:34:56.972Z",
    "user": 1,
    "content_type": 15,
    "object_id": "1",
    "object_repr": "10",
    "action_flag": 3,
    "change_message": ""
  }
},
{
  "model": "admin.logentry",
  "pk": 115,
  "fields": {
    "action_time": "2021-07-28T09:35:44.444Z",
    "user": 1,
    "content_type": 15,
    "object_id": "2",
    "object_repr": "10",
    "action_flag": 1,
    "change_message": "[{\"added\": {}}]"
  }
},
{
  "model": "admin.logentry",
  "pk": 116,
  "fields": {
    "action_time": "2021-07-28T10:31:01.824Z",
    "user": 1,
    "content_type": 15,
    "object_id": "3",
    "object_repr": "9",
    "action_flag": 1,
    "change_message": "[{\"added\": {}}]"
  }
},
{
  "model": "admin.logentry",
  "pk": 117,
  "fields": {
    "action_time": "2021-07-28T11:22:11.500Z",
    "user": 1,
    "content_type": 4,
    "object_id": "79",
    "object_repr": "Максим",
    "action_flag": 1,
    "change_message": "[{\"added\": {}}]"
  }
},
{
  "model": "admin.logentry",
  "pk": 118,
  "fields": {
    "action_time": "2021-07-28T11:22:20.919Z",
    "user": 1,
    "content_type": 4,
    "object_id": "79",
    "object_repr": "Максим",
    "action_flag": 2,
    "change_message": "[{\"changed\": {\"fields\": [\"Groups\"]}}]"
  }
},
{
  "model": "admin.logentry",
  "pk": 119,
  "fields": {
    "action_time": "2021-07-28T11:23:28.162Z",
    "user": 1,
    "content_type": 11,
    "object_id": "3",
    "object_repr": "Максим Черненко Петров",
    "action_flag": 1,
    "change_message": "[{\"added\": {}}]"
  }
},
{
  "model": "admin.logentry",
  "pk": 120,
  "fields": {
    "action_time": "2021-07-28T11:24:26.200Z",
    "user": 1,
    "content_type": 15,
    "object_id": "4",
    "object_repr": "9",
    "action_flag": 1,
    "change_message": "[{\"added\": {}}]"
  }
},
{
  "model": "admin.logentry",
  "pk": 121,
  "fields": {
    "action_time": "2021-07-28T14:46:31.013Z",
    "user": 1,
    "content_type": 15,
    "object_id": "4",
    "object_repr": "9",
    "action_flag": 3,
    "change_message": ""
  }
},
{
  "model": "admin.logentry",
  "pk": 122,
  "fields": {
    "action_time": "2021-07-28T14:46:34.194Z",
    "user": 1,
    "content_type": 15,
    "object_id": "3",
    "object_repr": "9",
    "action_flag": 3,
    "change_message": ""
  }
},
{
  "model": "admin.logentry",
  "pk": 123,
  "fields": {
    "action_time": "2021-07-28T14:46:37.506Z",
    "user": 1,
    "content_type": 15,
    "object_id": "2",
    "object_repr": "10",
    "action_flag": 3,
    "change_message": ""
  }
},
{
  "model": "admin.logentry",
  "pk": 124,
  "fields": {
    "action_time": "2021-07-28T14:47:07.898Z",
    "user": 1,
    "content_type": 15,
    "object_id": "5",
    "object_repr": "10",
    "action_flag": 1,
    "change_message": "[{\"added\": {}}]"
  }
},
{
  "model": "admin.logentry",
  "pk": 125,
  "fields": {
    "action_time": "2021-07-29T08:06:36.355Z",
    "user": 1,
    "content_type": 15,
    "object_id": "6",
    "object_repr": "11",
    "action_flag": 1,
    "change_message": "[{\"added\": {}}]"
  }
},
{
  "model": "admin.logentry",
  "pk": 126,
  "fields": {
    "action_time": "2021-07-29T08:55:20.390Z",
    "user": 1,
    "content_type": 15,
    "object_id": "7",
    "object_repr": "9",
    "action_flag": 3,
    "change_message": ""
  }
},
{
  "model": "admin.logentry",
  "pk": 127,
  "fields": {
    "action_time": "2021-07-29T08:55:23.367Z",
    "user": 1,
    "content_type": 15,
    "object_id": "8",
    "object_repr": "12",
    "action_flag": 3,
    "change_message": ""
  }
},
{
  "model": "admin.logentry",
  "pk": 128,
  "fields": {
    "action_time": "2021-07-29T08:57:58.261Z",
    "user": 1,
    "content_type": 15,
    "object_id": "9",
    "object_repr": "11",
    "action_flag": 3,
    "change_message": ""
  }
},
{
  "model": "admin.logentry",
  "pk": 129,
  "fields": {
    "action_time": "2021-07-29T08:58:00.943Z",
    "user": 1,
    "content_type": 15,
    "object_id": "10",
    "object_repr": "12",
    "action_flag": 3,
    "change_message": ""
  }
},
{
  "model": "admin.logentry",
  "pk": 130,
  "fields": {
    "action_time": "2021-07-29T08:58:08.962Z",
    "user": 1,
    "content_type": 15,
    "object_id": "6",
    "object_repr": "11",
    "action_flag": 2,
    "change_message": "[]"
  }
},
{
  "model": "admin.logentry",
  "pk": 131,
  "fields": {
    "action_time": "2021-07-29T11:07:35.305Z",
    "user": 1,
    "content_type": 15,
    "object_id": "11",
    "object_repr": "11",
    "action_flag": 3,
    "change_message": ""
  }
},
{
  "model": "admin.logentry",
  "pk": 132,
  "fields": {
    "action_time": "2021-07-29T11:23:45.184Z",
    "user": 1,
    "content_type": 15,
    "object_id": "5",
    "object_repr": "10",
    "action_flag": 3,
    "change_message": ""
  }
},
{
  "model": "admin.logentry",
  "pk": 133,
  "fields": {
    "action_time": "2021-07-29T11:23:53.450Z",
    "user": 1,
    "content_type": 15,
    "object_id": "12",
    "object_repr": "10",
    "action_flag": 3,
    "change_message": ""
  }
},
{
  "model": "admin.logentry",
  "pk": 134,
  "fields": {
    "action_time": "2021-07-29T11:23:57.160Z",
    "user": 1,
    "content_type": 15,
    "object_id": "13",
    "object_repr": "9",
    "action_flag": 2,
    "change_message": "[]"
  }
},
{
  "model": "admin.logentry",
  "pk": 135,
  "fields": {
    "action_time": "2021-07-29T11:24:01.160Z",
    "user": 1,
    "content_type": 15,
    "object_id": "6",
    "object_repr": "11",
    "action_flag": 3,
    "change_message": ""
  }
},
{
  "model": "admin.logentry",
  "pk": 136,
  "fields": {
    "action_time": "2021-07-29T11:43:21.320Z",
    "user": 1,
    "content_type": 15,
    "object_id": "15",
    "object_repr": "11",
    "action_flag": 3,
    "change_message": ""
  }
},
{
  "model": "admin.logentry",
  "pk": 137,
  "fields": {
    "action_time": "2021-07-29T11:43:29.094Z",
    "user": 1,
    "content_type": 15,
    "object_id": "14",
    "object_repr": "10",
    "action_flag": 3,
    "change_message": ""
  }
},
{
  "model": "admin.logentry",
  "pk": 138,
  "fields": {
    "action_time": "2021-07-29T11:43:43.022Z",
    "user": 1,
    "content_type": 15,
    "object_id": "13",
    "object_repr": "9",
    "action_flag": 3,
    "change_message": ""
  }
},
{
  "model": "admin.logentry",
  "pk": 139,
  "fields": {
    "action_time": "2021-07-29T11:44:53.302Z",
    "user": 1,
    "content_type": 15,
    "object_id": "16",
    "object_repr": "9",
    "action_flag": 1,
    "change_message": "[{\"added\": {}}]"
  }
},
{
  "model": "admin.logentry",
  "pk": 140,
  "fields": {
    "action_time": "2021-07-29T11:52:22.476Z",
    "user": 1,
    "content_type": 15,
    "object_id": "16",
    "object_repr": "9",
    "action_flag": 3,
    "change_message": ""
  }
},
{
  "model": "admin.logentry",
  "pk": 141,
  "fields": {
    "action_time": "2021-07-29T11:52:25.125Z",
    "user": 1,
    "content_type": 15,
    "object_id": "17",
    "object_repr": "10",
    "action_flag": 3,
    "change_message": ""
  }
},
{
  "model": "admin.logentry",
  "pk": 142,
  "fields": {
    "action_time": "2021-07-29T14:04:48.139Z",
    "user": 1,
    "content_type": 15,
    "object_id": "19",
    "object_repr": "11",
    "action_flag": 1,
    "change_message": "[{\"added\": {}}]"
  }
},
{
  "model": "admin.logentry",
  "pk": 143,
  "fields": {
    "action_time": "2021-07-29T14:09:14.203Z",
    "user": 1,
    "content_type": 15,
    "object_id": "19",
    "object_repr": "11",
    "action_flag": 2,
    "change_message": "[{\"changed\": {\"fields\": [\"\\u0422\\u0438\\u043f\"]}}]"
  }
},
{
  "model": "admin.logentry",
  "pk": 144,
  "fields": {
    "action_time": "2021-08-01T06:45:07.238Z",
    "user": 1,
    "content_type": 16,
    "object_id": "1",
    "object_repr": "Topic object (1)",
    "action_flag": 1,
    "change_message": "[{\"added\": {}}]"
  }
},
{
  "model": "admin.logentry",
  "pk": 145,
  "fields": {
    "action_time": "2021-08-01T06:45:39.241Z",
    "user": 1,
    "content_type": 15,
    "object_id": "21",
    "object_repr": "9",
    "action_flag": 2,
    "change_message": "[{\"changed\": {\"fields\": [\"\\u0422\\u0435\\u043c\\u0430\"]}}]"
  }
},
{
  "model": "admin.logentry",
  "pk": 146,
  "fields": {
    "action_time": "2021-08-01T06:45:46.298Z",
    "user": 1,
    "content_type": 15,
    "object_id": "20",
    "object_repr": "11",
    "action_flag": 2,
    "change_message": "[{\"changed\": {\"fields\": [\"\\u0422\\u0435\\u043c\\u0430\"]}}]"
  }
},
{
  "model": "admin.logentry",
  "pk": 147,
  "fields": {
    "action_time": "2021-08-01T06:45:56.762Z",
    "user": 1,
    "content_type": 15,
    "object_id": "18",
    "object_repr": "10",
    "action_flag": 2,
    "change_message": "[{\"changed\": {\"fields\": [\"\\u0422\\u0435\\u043c\\u0430\"]}}]"
  }
},
{
  "model": "admin.logentry",
  "pk": 148,
  "fields": {
    "action_time": "2021-08-01T06:46:01.592Z",
    "user": 1,
    "content_type": 15,
    "object_id": "19",
    "object_repr": "11",
    "action_flag": 2,
    "change_message": "[{\"changed\": {\"fields\": [\"\\u0422\\u0435\\u043c\\u0430\"]}}]"
  }
},
{
  "model": "admin.logentry",
  "pk": 149,
  "fields": {
    "action_time": "2021-08-01T06:46:36.736Z",
    "user": 1,
    "content_type": 15,
    "object_id": "21",
    "object_repr": "9",
    "action_flag": 2,
    "change_message": "[{\"changed\": {\"fields\": [\"\\u0422\\u0435\\u043c\\u0430\"]}}]"
  }
},
{
  "model": "admin.logentry",
  "pk": 150,
  "fields": {
    "action_time": "2021-08-01T06:46:41.288Z",
    "user": 1,
    "content_type": 15,
    "object_id": "20",
    "object_repr": "11",
    "action_flag": 2,
    "change_message": "[{\"changed\": {\"fields\": [\"\\u0422\\u0435\\u043c\\u0430\"]}}]"
  }
},
{
  "model": "admin.logentry",
  "pk": 151,
  "fields": {
    "action_time": "2021-08-01T06:46:45.528Z",
    "user": 1,
    "content_type": 15,
    "object_id": "18",
    "object_repr": "10",
    "action_flag": 2,
    "change_message": "[{\"changed\": {\"fields\": [\"\\u0422\\u0435\\u043c\\u0430\"]}}]"
  }
},
{
  "model": "admin.logentry",
  "pk": 152,
  "fields": {
    "action_time": "2021-08-01T06:46:50.153Z",
    "user": 1,
    "content_type": 15,
    "object_id": "19",
    "object_repr": "11",
    "action_flag": 2,
    "change_message": "[{\"changed\": {\"fields\": [\"\\u0422\\u0435\\u043c\\u0430\"]}}]"
  }
},
{
  "model": "admin.logentry",
  "pk": 153,
  "fields": {
    "action_time": "2021-08-01T06:48:20.131Z",
    "user": 1,
    "content_type": 16,
    "object_id": "1",
    "object_repr": "Пітон",
    "action_flag": 3,
    "change_message": ""
  }
},
{
  "model": "admin.logentry",
  "pk": 154,
  "fields": {
    "action_time": "2021-08-02T16:45:45.206Z",
    "user": 1,
    "content_type": 16,
    "object_id": "1",
    "object_repr": "11111",
    "action_flag": 1,
    "change_message": "[{\"added\": {}}]"
  }
},
{
  "model": "admin.logentry",
  "pk": 155,
  "fields": {
    "action_time": "2021-08-05T17:46:11.608Z",
    "user": 1,
    "content_type": 16,
    "object_id": "1",
    "object_repr": "11111",
    "action_flag": 3,
    "change_message": ""
  }
},
{
  "model": "admin.logentry",
  "pk": 156,
  "fields": {
    "action_time": "2021-08-06T17:18:50.091Z",
    "user": 1,
    "content_type": 16,
    "object_id": "1",
    "object_repr": "Осонови програмування",
    "action_flag": 3,
    "change_message": ""
  }
},
{
  "model": "admin.logentry",
  "pk": 157,
  "fields": {
    "action_time": "2021-08-06T17:21:34.628Z",
    "user": 1,
    "content_type": 16,
    "object_id": "2",
    "object_repr": "Осонови програмування",
    "action_flag": 3,
    "change_message": ""
  }
},
{
  "model": "admin.logentry",
  "pk": 158,
  "fields": {
    "action_time": "2021-08-07T16:39:36.141Z",
    "user": 1,
    "content_type": 16,
    "object_id": "4",
    "object_repr": "Матеріал 8 классу",
    "action_flag": 1,
    "change_message": "[{\"added\": {}}]"
  }
},
{
  "model": "admin.logentry",
  "pk": 159,
  "fields": {
    "action_time": "2021-08-07T17:34:49.174Z",
    "user": 1,
    "content_type": 16,
    "object_id": "5",
    "object_repr": "Осонови програмування",
    "action_flag": 3,
    "change_message": ""
  }
},
{
  "model": "admin.logentry",
  "pk": 160,
  "fields": {
    "action_time": "2021-08-08T13:32:47.825Z",
    "user": 1,
    "content_type": 15,
    "object_id": "24",
    "object_repr": "10",
    "action_flag": 1,
    "change_message": "[{\"added\": {}}]"
  }
},
{
  "model": "admin.logentry",
  "pk": 161,
  "fields": {
    "action_time": "2021-08-08T13:33:39.393Z",
    "user": 1,
    "content_type": 15,
    "object_id": "25",
    "object_repr": "10",
    "action_flag": 1,
    "change_message": "[{\"added\": {}}]"
  }
},
{
  "model": "admin.logentry",
  "pk": 162,
  "fields": {
    "action_time": "2021-08-08T14:09:39.552Z",
    "user": 1,
    "content_type": 15,
    "object_id": "24",
    "object_repr": "100",
    "action_flag": 2,
    "change_message": "[{\"changed\": {\"fields\": [\"\\u041e\\u0446\\u0456\\u043d\\u043a\\u0430\"]}}]"
  }
},
{
  "model": "admin.logentry",
  "pk": 163,
  "fields": {
    "action_time": "2021-08-09T17:43:19.751Z",
    "user": 1,
    "content_type": 15,
    "object_id": "29",
    "object_repr": "11",
    "action_flag": 3,
    "change_message": ""
  }
},
{
  "model": "admin.logentry",
  "pk": 164,
  "fields": {
    "action_time": "2021-08-09T17:43:32.730Z",
    "user": 1,
    "content_type": 15,
    "object_id": "30",
    "object_repr": "10",
    "action_flag": 3,
    "change_message": ""
  }
},
{
  "model": "admin.logentry",
  "pk": 165,
  "fields": {
    "action_time": "2021-08-10T07:21:33.798Z",
    "user": 1,
    "content_type": 15,
    "object_id": "31",
    "object_repr": "11",
    "action_flag": 3,
    "change_message": ""
  }
},
{
  "model": "admin.logentry",
  "pk": 166,
  "fields": {
    "action_time": "2021-08-10T07:22:10.812Z",
    "user": 1,
    "content_type": 15,
    "object_id": "28",
    "object_repr": "10",
    "action_flag": 3,
    "change_message": ""
  }
},
{
  "model": "admin.logentry",
  "pk": 167,
  "fields": {
    "action_time": "2021-08-10T08:24:44.184Z",
    "user": 1,
    "content_type": 15,
    "object_id": "24",
    "object_repr": "100",
    "action_flag": 2,
    "change_message": "[]"
  }
},
{
  "model": "admin.logentry",
  "pk": 168,
  "fields": {
    "action_time": "2021-08-10T08:25:08.691Z",
    "user": 1,
    "content_type": 15,
    "object_id": "32",
    "object_repr": "10",
    "action_flag": 3,
    "change_message": ""
  }
},
{
  "model": "admin.logentry",
  "pk": 169,
  "fields": {
    "action_time": "2021-08-10T08:25:18.357Z",
    "user": 1,
    "content_type": 15,
    "object_id": "19",
    "object_repr": "11",
    "action_flag": 3,
    "change_message": ""
  }
},
{
  "model": "admin.logentry",
  "pk": 170,
  "fields": {
    "action_time": "2021-08-10T08:26:52.141Z",
    "user": 1,
    "content_type": 15,
    "object_id": "33",
    "object_repr": "11",
    "action_flag": 3,
    "change_message": ""
  }
},
{
  "model": "admin.logentry",
  "pk": 171,
  "fields": {
    "action_time": "2021-08-10T08:27:02.413Z",
    "user": 1,
    "content_type": 15,
    "object_id": "18",
    "object_repr": "10",
    "action_flag": 2,
    "change_message": "[]"
  }
},
{
  "model": "admin.logentry",
  "pk": 172,
  "fields": {
    "action_time": "2021-08-10T08:35:00.662Z",
    "user": 1,
    "content_type": 16,
    "object_id": "3",
    "object_repr": "Осонови програмування",
    "action_flag": 2,
    "change_message": "[]"
  }
},
{
  "model": "admin.logentry",
  "pk": 173,
  "fields": {
    "action_time": "2021-08-10T08:35:11.062Z",
    "user": 1,
    "content_type": 16,
    "object_id": "3",
    "object_repr": "Осонови програмування",
    "action_flag": 2,
    "change_message": "[{\"changed\": {\"fields\": [\"\\u0414\\u0430\\u0442\\u0430 \\u0437\\u0430\\u043a\\u0456\\u043d\\u0447\\u0435\\u043d\\u044f\"]}}]"
  }
},
{
  "model": "admin.logentry",
  "pk": 174,
  "fields": {
    "action_time": "2021-08-10T08:36:37.948Z",
    "user": 1,
    "content_type": 15,
    "object_id": "34",
    "object_repr": "10",
    "action_flag": 3,
    "change_message": ""
  }
},
{
  "model": "admin.logentry",
  "pk": 175,
  "fields": {
    "action_time": "2021-08-10T08:37:12.164Z",
    "user": 1,
    "content_type": 15,
    "object_id": "35",
    "object_repr": "10",
    "action_flag": 3,
    "change_message": ""
  }
},
{
  "model": "admin.logentry",
  "pk": 176,
  "fields": {
    "action_time": "2021-08-10T08:37:54.513Z",
    "user": 1,
    "content_type": 16,
    "object_id": "3",
    "object_repr": "Осонови програмування",
    "action_flag": 2,
    "change_message": "[{\"changed\": {\"fields\": [\"\\u0414\\u0430\\u0442\\u0430 \\u0437\\u0430\\u043a\\u0456\\u043d\\u0447\\u0435\\u043d\\u044f\"]}}]"
  }
},
{
  "model": "admin.logentry",
  "pk": 177,
  "fields": {
    "action_time": "2021-08-10T09:58:24.411Z",
    "user": 1,
    "content_type": 15,
    "object_id": "36",
    "object_repr": "10",
    "action_flag": 3,
    "change_message": ""
  }
},
{
  "model": "admin.logentry",
  "pk": 178,
  "fields": {
    "action_time": "2021-08-10T09:58:29.162Z",
    "user": 1,
    "content_type": 15,
    "object_id": "37",
    "object_repr": "10",
    "action_flag": 3,
    "change_message": ""
  }
},
{
  "model": "admin.logentry",
  "pk": 179,
  "fields": {
    "action_time": "2021-08-10T09:58:43.613Z",
    "user": 1,
    "content_type": 16,
    "object_id": "3",
    "object_repr": "Осонови програмування",
    "action_flag": 2,
    "change_message": "[{\"changed\": {\"fields\": [\"\\u0414\\u0430\\u0442\\u0430 \\u0437\\u0430\\u043a\\u0456\\u043d\\u0447\\u0435\\u043d\\u044f\"]}}]"
  }
},
{
  "model": "admin.logentry",
  "pk": 180,
  "fields": {
    "action_time": "2021-08-10T10:17:02.374Z",
    "user": 1,
    "content_type": 16,
    "object_id": "6",
    "object_repr": "Таблицы exe",
    "action_flag": 2,
    "change_message": "[{\"changed\": {\"fields\": [\"\\u0414\\u0430\\u0442\\u0430 \\u0437\\u0430\\u043a\\u0456\\u043d\\u0447\\u0435\\u043d\\u044f\"]}}]"
  }
},
{
  "model": "admin.logentry",
  "pk": 181,
  "fields": {
    "action_time": "2021-08-10T10:22:31.273Z",
    "user": 1,
    "content_type": 16,
    "object_id": "6",
    "object_repr": "Таблицы exe",
    "action_flag": 3,
    "change_message": ""
  }
},
{
  "model": "admin.logentry",
  "pk": 182,
  "fields": {
    "action_time": "2021-08-10T19:01:47.081Z",
    "user": 1,
    "content_type": 15,
    "object_id": "38",
    "object_repr": "10",
    "action_flag": 3,
    "change_message": ""
  }
},
{
  "model": "admin.logentry",
  "pk": 183,
  "fields": {
    "action_time": "2021-08-10T19:01:51.377Z",
    "user": 1,
    "content_type": 15,
    "object_id": "39",
    "object_repr": "10",
    "action_flag": 3,
    "change_message": ""
  }
},
{
  "model": "admin.logentry",
  "pk": 184,
  "fields": {
    "action_time": "2021-08-10T19:02:11.846Z",
    "user": 1,
    "content_type": 16,
    "object_id": "3",
    "object_repr": "Осонови програмування",
    "action_flag": 2,
    "change_message": "[{\"changed\": {\"fields\": [\"\\u0414\\u0430\\u0442\\u0430 \\u0437\\u0430\\u043a\\u0456\\u043d\\u0447\\u0435\\u043d\\u044f\"]}}]"
  }
},
{
  "model": "admin.logentry",
  "pk": 185,
  "fields": {
    "action_time": "2021-08-10T19:03:09.535Z",
    "user": 1,
    "content_type": 16,
    "object_id": "7",
    "object_repr": "Таблиці exe",
    "action_flag": 2,
    "change_message": "[{\"changed\": {\"fields\": [\"\\u0414\\u0430\\u0442\\u0430 \\u0437\\u0430\\u043a\\u0456\\u043d\\u0447\\u0435\\u043d\\u044f\"]}}]"
  }
},
{
  "model": "admin.logentry",
  "pk": 186,
  "fields": {
    "action_time": "2021-08-10T19:04:56.604Z",
    "user": 1,
    "content_type": 16,
    "object_id": "7",
    "object_repr": "Таблиці exe",
    "action_flag": 2,
    "change_message": "[{\"changed\": {\"fields\": [\"\\u0414\\u0430\\u0442\\u0430 \\u0437\\u0430\\u043a\\u0456\\u043d\\u0447\\u0435\\u043d\\u044f\"]}}]"
  }
},
{
  "model": "admin.logentry",
  "pk": 187,
  "fields": {
    "action_time": "2021-08-10T19:05:50.304Z",
    "user": 1,
    "content_type": 15,
    "object_id": "42",
    "object_repr": "12",
    "action_flag": 3,
    "change_message": ""
  }
},
{
  "model": "admin.logentry",
  "pk": 188,
  "fields": {
    "action_time": "2021-08-10T19:05:53.346Z",
    "user": 1,
    "content_type": 15,
    "object_id": "27",
    "object_repr": "11",
    "action_flag": 3,
    "change_message": ""
  }
},
{
  "model": "admin.logentry",
  "pk": 189,
  "fields": {
    "action_time": "2021-08-10T19:05:57.433Z",
    "user": 1,
    "content_type": 15,
    "object_id": "26",
    "object_repr": "10",
    "action_flag": 3,
    "change_message": ""
  }
},
{
  "model": "admin.logentry",
  "pk": 190,
  "fields": {
    "action_time": "2021-08-10T19:06:02.512Z",
    "user": 1,
    "content_type": 15,
    "object_id": "23",
    "object_repr": "11",
    "action_flag": 3,
    "change_message": ""
  }
},
{
  "model": "admin.logentry",
  "pk": 191,
  "fields": {
    "action_time": "2021-08-10T19:06:04.881Z",
    "user": 1,
    "content_type": 15,
    "object_id": "22",
    "object_repr": "10",
    "action_flag": 3,
    "change_message": ""
  }
},
{
  "model": "admin.logentry",
  "pk": 192,
  "fields": {
    "action_time": "2021-08-10T19:06:07.473Z",
    "user": 1,
    "content_type": 15,
    "object_id": "21",
    "object_repr": "9",
    "action_flag": 3,
    "change_message": ""
  }
},
{
  "model": "admin.logentry",
  "pk": 193,
  "fields": {
    "action_time": "2021-08-10T19:06:10.497Z",
    "user": 1,
    "content_type": 15,
    "object_id": "20",
    "object_repr": "11",
    "action_flag": 3,
    "change_message": ""
  }
},
{
  "model": "admin.logentry",
  "pk": 194,
  "fields": {
    "action_time": "2021-08-10T19:06:15.186Z",
    "user": 1,
    "content_type": 16,
    "object_id": "4",
    "object_repr": "Матеріал 8 классу",
    "action_flag": 3,
    "change_message": ""
  }
},
{
  "model": "admin.logentry",
  "pk": 195,
  "fields": {
    "action_time": "2021-08-10T19:06:18.386Z",
    "user": 1,
    "content_type": 16,
    "object_id": "3",
    "object_repr": "Осонови програмування",
    "action_flag": 3,
    "change_message": ""
  }
},
{
  "model": "admin.logentry",
  "pk": 196,
  "fields": {
    "action_time": "2021-08-10T19:06:20.863Z",
    "user": 1,
    "content_type": 16,
    "object_id": "7",
    "object_repr": "Таблиці exe",
    "action_flag": 3,
    "change_message": ""
  }
},
{
  "model": "admin.logentry",
  "pk": 197,
  "fields": {
    "action_time": "2021-08-11T12:10:31.228Z",
    "user": 1,
    "content_type": 15,
    "object_id": "45",
    "object_repr": "12",
    "action_flag": 2,
    "change_message": "[{\"changed\": {\"fields\": [\"\\u041e\\u0446\\u0456\\u043d\\u043a\\u0430\"]}}]"
  }
},
{
  "model": "admin.logentry",
  "pk": 198,
  "fields": {
    "action_time": "2021-08-11T12:10:55.159Z",
    "user": 1,
    "content_type": 15,
    "object_id": "49",
    "object_repr": "11",
    "action_flag": 3,
    "change_message": ""
  }
},
{
  "model": "admin.logentry",
  "pk": 199,
  "fields": {
    "action_time": "2021-08-11T12:11:16.567Z",
    "user": 1,
    "content_type": 15,
    "object_id": "50",
    "object_repr": "11",
    "action_flag": 3,
    "change_message": ""
  }
},
{
  "model": "admin.logentry",
  "pk": 200,
  "fields": {
    "action_time": "2021-08-11T12:35:59.420Z",
    "user": 1,
    "content_type": 15,
    "object_id": "51",
    "object_repr": "11",
    "action_flag": 3,
    "change_message": ""
  }
},
{
  "model": "admin.logentry",
  "pk": 201,
  "fields": {
    "action_time": "2021-08-11T12:36:03.013Z",
    "user": 1,
    "content_type": 15,
    "object_id": "52",
    "object_repr": "11",
    "action_flag": 3,
    "change_message": ""
  }
},
{
  "model": "admin.logentry",
  "pk": 202,
  "fields": {
    "action_time": "2021-08-11T12:36:31.148Z",
    "user": 1,
    "content_type": 15,
    "object_id": "48",
    "object_repr": "11",
    "action_flag": 3,
    "change_message": ""
  }
},
{
  "model": "admin.logentry",
  "pk": 203,
  "fields": {
    "action_time": "2021-08-11T12:36:33.941Z",
    "user": 1,
    "content_type": 15,
    "object_id": "47",
    "object_repr": "11",
    "action_flag": 3,
    "change_message": ""
  }
},
{
  "model": "admin.logentry",
  "pk": 204,
  "fields": {
    "action_time": "2021-08-11T12:40:15.882Z",
    "user": 1,
    "content_type": 16,
    "object_id": "8",
    "object_repr": "Повторення курсу 8 классу",
    "action_flag": 2,
    "change_message": "[{\"changed\": {\"fields\": [\"\\u0414\\u0430\\u0442\\u0430 \\u0437\\u0430\\u043a\\u0456\\u043d\\u0447\\u0435\\u043d\\u044f\"]}}]"
  }
},
{
  "model": "admin.logentry",
  "pk": 205,
  "fields": {
    "action_time": "2021-08-11T12:42:02.900Z",
    "user": 1,
    "content_type": 15,
    "object_id": "45",
    "object_repr": "12",
    "action_flag": 3,
    "change_message": ""
  }
},
{
  "model": "admin.logentry",
  "pk": 206,
  "fields": {
    "action_time": "2021-08-11T12:42:06.411Z",
    "user": 1,
    "content_type": 15,
    "object_id": "46",
    "object_repr": "11",
    "action_flag": 3,
    "change_message": ""
  }
},
{
  "model": "admin.logentry",
  "pk": 207,
  "fields": {
    "action_time": "2021-08-11T12:45:06.571Z",
    "user": 1,
    "content_type": 15,
    "object_id": "53",
    "object_repr": "11",
    "action_flag": 1,
    "change_message": "[{\"added\": {}}]"
  }
},
{
  "model": "admin.logentry",
  "pk": 208,
  "fields": {
    "action_time": "2021-08-11T12:47:50.350Z",
    "user": 1,
    "content_type": 15,
    "object_id": "53",
    "object_repr": "11",
    "action_flag": 2,
    "change_message": "[]"
  }
},
{
  "model": "admin.logentry",
  "pk": 209,
  "fields": {
    "action_time": "2021-08-11T12:47:56.202Z",
    "user": 1,
    "content_type": 15,
    "object_id": "54",
    "object_repr": "10",
    "action_flag": 2,
    "change_message": "[{\"changed\": {\"fields\": [\"\\u0423\\u0447\\u0435\\u043d\\u044c\"]}}]"
  }
},
{
  "model": "admin.logentry",
  "pk": 210,
  "fields": {
    "action_time": "2021-08-11T12:48:06.371Z",
    "user": 1,
    "content_type": 15,
    "object_id": "53",
    "object_repr": "11",
    "action_flag": 2,
    "change_message": "[]"
  }
},
{
  "model": "admin.logentry",
  "pk": 211,
  "fields": {
    "action_time": "2021-08-11T12:48:13.856Z",
    "user": 1,
    "content_type": 15,
    "object_id": "54",
    "object_repr": "10",
    "action_flag": 2,
    "change_message": "[{\"changed\": {\"fields\": [\"\\u0414\\u0430\\u0442\\u0430\"]}}]"
  }
},
{
  "model": "admin.logentry",
  "pk": 212,
  "fields": {
    "action_time": "2021-08-11T12:48:25.500Z",
    "user": 1,
    "content_type": 15,
    "object_id": "54",
    "object_repr": "10",
    "action_flag": 3,
    "change_message": ""
  }
},
{
  "model": "admin.logentry",
  "pk": 213,
  "fields": {
    "action_time": "2021-08-11T12:48:29.356Z",
    "user": 1,
    "content_type": 15,
    "object_id": "53",
    "object_repr": "11",
    "action_flag": 3,
    "change_message": ""
  }
},
{
  "model": "admin.logentry",
  "pk": 214,
  "fields": {
    "action_time": "2021-08-11T12:50:50.762Z",
    "user": 1,
    "content_type": 15,
    "object_id": "55",
    "object_repr": "10",
    "action_flag": 1,
    "change_message": "[{\"added\": {}}]"
  }
},
{
  "model": "admin.logentry",
  "pk": 215,
  "fields": {
    "action_time": "2021-08-11T12:51:06.951Z",
    "user": 1,
    "content_type": 16,
    "object_id": "8",
    "object_repr": "Повторення курсу 8 классу",
    "action_flag": 2,
    "change_message": "[{\"changed\": {\"fields\": [\"\\u0414\\u0430\\u0442\\u0430 \\u043f\\u043e\\u0447\\u0430\\u0442\\u043a\\u0443\"]}}]"
  }
},
{
  "model": "admin.logentry",
  "pk": 216,
  "fields": {
    "action_time": "2021-08-11T12:53:32.762Z",
    "user": 1,
    "content_type": 15,
    "object_id": "56",
    "object_repr": "11",
    "action_flag": 3,
    "change_message": ""
  }
},
{
  "model": "admin.logentry",
  "pk": 217,
  "fields": {
    "action_time": "2021-08-11T14:12:33.996Z",
    "user": 1,
    "content_type": 15,
    "object_id": "57",
    "object_repr": "9",
    "action_flag": 3,
    "change_message": ""
  }
},
{
  "model": "admin.logentry",
  "pk": 218,
  "fields": {
    "action_time": "2021-08-11T14:16:07.781Z",
    "user": 1,
    "content_type": 15,
    "object_id": "58",
    "object_repr": "9",
    "action_flag": 3,
    "change_message": ""
  }
},
{
  "model": "admin.logentry",
  "pk": 219,
  "fields": {
    "action_time": "2021-08-11T16:19:02.641Z",
    "user": 1,
    "content_type": 15,
    "object_id": "59",
    "object_repr": "9",
    "action_flag": 3,
    "change_message": ""
  }
},
{
  "model": "admin.logentry",
  "pk": 220,
  "fields": {
    "action_time": "2021-08-11T16:20:24.005Z",
    "user": 1,
    "content_type": 15,
    "object_id": "60",
    "object_repr": "9",
    "action_flag": 3,
    "change_message": ""
  }
},
{
  "model": "admin.logentry",
  "pk": 221,
  "fields": {
    "action_time": "2021-08-11T16:22:50.802Z",
    "user": 1,
    "content_type": 15,
    "object_id": "61",
    "object_repr": "10",
    "action_flag": 3,
    "change_message": ""
  }
},
{
  "model": "admin.logentry",
  "pk": 222,
  "fields": {
    "action_time": "2021-08-11T16:24:03.130Z",
    "user": 1,
    "content_type": 15,
    "object_id": "62",
    "object_repr": "8",
    "action_flag": 3,
    "change_message": ""
  }
},
{
  "model": "admin.logentry",
  "pk": 223,
  "fields": {
    "action_time": "2021-08-11T16:34:12.099Z",
    "user": 1,
    "content_type": 15,
    "object_id": "63",
    "object_repr": "8",
    "action_flag": 3,
    "change_message": ""
  }
},
{
  "model": "admin.logentry",
  "pk": 224,
  "fields": {
    "action_time": "2021-08-11T17:06:32.743Z",
    "user": 1,
    "content_type": 15,
    "object_id": "64",
    "object_repr": "9",
    "action_flag": 3,
    "change_message": ""
  }
},
{
  "model": "admin.logentry",
  "pk": 225,
  "fields": {
    "action_time": "2021-08-11T18:24:07.574Z",
    "user": 1,
    "content_type": 15,
    "object_id": "65",
    "object_repr": "9",
    "action_flag": 3,
    "change_message": ""
  }
},
{
  "model": "admin.logentry",
  "pk": 226,
  "fields": {
    "action_time": "2021-08-11T18:53:30.757Z",
    "user": 1,
    "content_type": 15,
    "object_id": "66",
    "object_repr": "9",
    "action_flag": 3,
    "change_message": ""
  }
},
{
  "model": "admin.logentry",
  "pk": 227,
  "fields": {
    "action_time": "2021-08-12T06:03:58.636Z",
    "user": 1,
    "content_type": 16,
    "object_id": "8",
    "object_repr": "Повторення курсу 8 классу",
    "action_flag": 2,
    "change_message": "[{\"changed\": {\"fields\": [\"\\u0414\\u0430\\u0442\\u0430 \\u0437\\u0430\\u043a\\u0456\\u043d\\u0447\\u0435\\u043d\\u044f\"]}}]"
  }
},
{
  "model": "admin.logentry",
  "pk": 228,
  "fields": {
    "action_time": "2021-08-12T06:43:35.912Z",
    "user": 1,
    "content_type": 16,
    "object_id": "8",
    "object_repr": "Повторення курсу 8 классу",
    "action_flag": 2,
    "change_message": "[{\"changed\": {\"fields\": [\"\\u0414\\u0430\\u0442\\u0430 \\u0437\\u0430\\u043a\\u0456\\u043d\\u0447\\u0435\\u043d\\u044f\"]}}]"
  }
},
{
  "model": "admin.logentry",
  "pk": 229,
  "fields": {
    "action_time": "2021-08-12T06:46:19.842Z",
    "user": 1,
    "content_type": 16,
    "object_id": "8",
    "object_repr": "Повторення курсу 8 классу",
    "action_flag": 2,
    "change_message": "[{\"changed\": {\"fields\": [\"\\u0414\\u0430\\u0442\\u0430 \\u0437\\u0430\\u043a\\u0456\\u043d\\u0447\\u0435\\u043d\\u044f\"]}}]"
  }
},
{
  "model": "admin.logentry",
  "pk": 230,
  "fields": {
    "action_time": "2021-08-12T06:47:29.562Z",
    "user": 1,
    "content_type": 16,
    "object_id": "8",
    "object_repr": "Повторення курсу 8 классу",
    "action_flag": 2,
    "change_message": "[{\"changed\": {\"fields\": [\"\\u0414\\u0430\\u0442\\u0430 \\u0437\\u0430\\u043a\\u0456\\u043d\\u0447\\u0435\\u043d\\u044f\"]}}]"
  }
},
{
  "model": "admin.logentry",
  "pk": 231,
  "fields": {
    "action_time": "2021-08-12T06:48:39.605Z",
    "user": 1,
    "content_type": 15,
    "object_id": "55",
    "object_repr": "10",
    "action_flag": 3,
    "change_message": ""
  }
},
{
  "model": "admin.logentry",
  "pk": 232,
  "fields": {
    "action_time": "2021-08-12T06:48:43.213Z",
    "user": 1,
    "content_type": 15,
    "object_id": "68",
    "object_repr": "10",
    "action_flag": 3,
    "change_message": ""
  }
},
{
  "model": "admin.logentry",
  "pk": 233,
  "fields": {
    "action_time": "2021-08-12T06:48:48.754Z",
    "user": 1,
    "content_type": 16,
    "object_id": "8",
    "object_repr": "Повторення курсу 8 классу",
    "action_flag": 2,
    "change_message": "[{\"changed\": {\"fields\": [\"\\u0414\\u0430\\u0442\\u0430 \\u0437\\u0430\\u043a\\u0456\\u043d\\u0447\\u0435\\u043d\\u044f\"]}}]"
  }
},
{
  "model": "admin.logentry",
  "pk": 234,
  "fields": {
    "action_time": "2021-08-12T06:49:20.516Z",
    "user": 1,
    "content_type": 15,
    "object_id": "69",
    "object_repr": "11",
    "action_flag": 1,
    "change_message": "[{\"added\": {}}]"
  }
},
{
  "model": "admin.logentry",
  "pk": 235,
  "fields": {
    "action_time": "2021-08-12T06:49:40.101Z",
    "user": 1,
    "content_type": 15,
    "object_id": "70",
    "object_repr": "11",
    "action_flag": 3,
    "change_message": ""
  }
},
{
  "model": "admin.logentry",
  "pk": 236,
  "fields": {
    "action_time": "2021-08-12T06:49:46.432Z",
    "user": 1,
    "content_type": 16,
    "object_id": "8",
    "object_repr": "Повторення курсу 8 классу",
    "action_flag": 2,
    "change_message": "[{\"changed\": {\"fields\": [\"\\u0414\\u0430\\u0442\\u0430 \\u0437\\u0430\\u043a\\u0456\\u043d\\u0447\\u0435\\u043d\\u044f\"]}}]"
  }
},
{
  "model": "admin.logentry",
  "pk": 237,
  "fields": {
    "action_time": "2021-08-12T06:51:34.190Z",
    "user": 1,
    "content_type": 15,
    "object_id": "71",
    "object_repr": "11",
    "action_flag": 3,
    "change_message": ""
  }
},
{
  "model": "admin.logentry",
  "pk": 238,
  "fields": {
    "action_time": "2021-08-12T06:51:38.866Z",
    "user": 1,
    "content_type": 16,
    "object_id": "8",
    "object_repr": "Повторення курсу 8 классу",
    "action_flag": 2,
    "change_message": "[{\"changed\": {\"fields\": [\"\\u0414\\u0430\\u0442\\u0430 \\u0437\\u0430\\u043a\\u0456\\u043d\\u0447\\u0435\\u043d\\u044f\"]}}]"
  }
},
{
  "model": "admin.logentry",
  "pk": 239,
  "fields": {
    "action_time": "2021-08-12T06:57:30.542Z",
    "user": 1,
    "content_type": 15,
    "object_id": "72",
    "object_repr": "11",
    "action_flag": 3,
    "change_message": ""
  }
},
{
  "model": "admin.logentry",
  "pk": 240,
  "fields": {
    "action_time": "2021-08-12T06:59:45.428Z",
    "user": 1,
    "content_type": 16,
    "object_id": "8",
    "object_repr": "Повторення курсу 8 классу",
    "action_flag": 2,
    "change_message": "[{\"changed\": {\"fields\": [\"\\u0414\\u0430\\u0442\\u0430 \\u0437\\u0430\\u043a\\u0456\\u043d\\u0447\\u0435\\u043d\\u044f\"]}}]"
  }
},
{
  "model": "admin.logentry",
  "pk": 241,
  "fields": {
    "action_time": "2021-08-12T07:33:26.316Z",
    "user": 1,
    "content_type": 14,
    "object_id": "3",
    "object_repr": "Перший семестр",
    "action_flag": 2,
    "change_message": "[{\"changed\": {\"fields\": [\"\\u0422\\u0438\\u043f \\u043e\\u0446\\u0456\\u043d\\u043a\\u0438\"]}}]"
  }
},
{
  "model": "admin.logentry",
  "pk": 242,
  "fields": {
    "action_time": "2021-08-12T07:33:43.635Z",
    "user": 1,
    "content_type": 14,
    "object_id": "5",
    "object_repr": "Другий с",
    "action_flag": 1,
    "change_message": "[{\"added\": {}}]"
  }
},
{
  "model": "admin.logentry",
  "pk": 243,
  "fields": {
    "action_time": "2021-08-12T07:33:53.507Z",
    "user": 1,
    "content_type": 14,
    "object_id": "5",
    "object_repr": "Другий семестр",
    "action_flag": 2,
    "change_message": "[{\"changed\": {\"fields\": [\"\\u0422\\u0438\\u043f \\u043e\\u0446\\u0456\\u043d\\u043a\\u0438\"]}}]"
  }
},
{
  "model": "admin.logentry",
  "pk": 244,
  "fields": {
    "action_time": "2021-08-12T08:53:01.006Z",
    "user": 1,
    "content_type": 15,
    "object_id": "76",
    "object_repr": "10",
    "action_flag": 1,
    "change_message": "[{\"added\": {}}]"
  }
},
{
  "model": "admin.logentry",
  "pk": 245,
  "fields": {
    "action_time": "2021-08-12T08:53:34.653Z",
    "user": 1,
    "content_type": 15,
    "object_id": "76",
    "object_repr": "12",
    "action_flag": 2,
    "change_message": "[{\"changed\": {\"fields\": [\"\\u041e\\u0446\\u0456\\u043d\\u043a\\u0430\"]}}]"
  }
},
{
  "model": "admin.logentry",
  "pk": 246,
  "fields": {
    "action_time": "2021-08-12T13:36:14.258Z",
    "user": 1,
    "content_type": 15,
    "object_id": "76",
    "object_repr": "12",
    "action_flag": 3,
    "change_message": ""
  }
},
{
  "model": "admin.logentry",
  "pk": 247,
  "fields": {
    "action_time": "2021-08-12T14:12:29.172Z",
    "user": 1,
    "content_type": 17,
    "object_id": "18",
    "object_repr": "2021-08-06",
    "action_flag": 3,
    "change_message": ""
  }
},
{
  "model": "admin.logentry",
  "pk": 248,
  "fields": {
    "action_time": "2021-08-12T14:12:32.820Z",
    "user": 1,
    "content_type": 17,
    "object_id": "17",
    "object_repr": "2021-08-06",
    "action_flag": 3,
    "change_message": ""
  }
},
{
  "model": "admin.logentry",
  "pk": 249,
  "fields": {
    "action_time": "2021-08-12T14:12:53.479Z",
    "user": 1,
    "content_type": 17,
    "object_id": "16",
    "object_repr": "2021-08-06",
    "action_flag": 3,
    "change_message": ""
  }
},
{
  "model": "admin.logentry",
  "pk": 250,
  "fields": {
    "action_time": "2021-08-12T14:12:53.564Z",
    "user": 1,
    "content_type": 17,
    "object_id": "15",
    "object_repr": "2021-08-06",
    "action_flag": 3,
    "change_message": ""
  }
},
{
  "model": "admin.logentry",
  "pk": 251,
  "fields": {
    "action_time": "2021-08-12T14:12:53.639Z",
    "user": 1,
    "content_type": 17,
    "object_id": "14",
    "object_repr": "2021-08-06",
    "action_flag": 3,
    "change_message": ""
  }
},
{
  "model": "admin.logentry",
  "pk": 252,
  "fields": {
    "action_time": "2021-08-12T14:12:53.688Z",
    "user": 1,
    "content_type": 17,
    "object_id": "13",
    "object_repr": "2021-08-06",
    "action_flag": 3,
    "change_message": ""
  }
},
{
  "model": "admin.logentry",
  "pk": 253,
  "fields": {
    "action_time": "2021-08-12T14:12:53.739Z",
    "user": 1,
    "content_type": 17,
    "object_id": "12",
    "object_repr": "2021-08-06",
    "action_flag": 3,
    "change_message": ""
  }
},
{
  "model": "admin.logentry",
  "pk": 254,
  "fields": {
    "action_time": "2021-08-12T14:12:53.814Z",
    "user": 1,
    "content_type": 17,
    "object_id": "11",
    "object_repr": "2021-08-06",
    "action_flag": 3,
    "change_message": ""
  }
},
{
  "model": "admin.logentry",
  "pk": 255,
  "fields": {
    "action_time": "2021-08-12T14:12:53.880Z",
    "user": 1,
    "content_type": 17,
    "object_id": "10",
    "object_repr": "2021-08-06",
    "action_flag": 3,
    "change_message": ""
  }
},
{
  "model": "admin.logentry",
  "pk": 256,
  "fields": {
    "action_time": "2021-08-12T14:12:53.955Z",
    "user": 1,
    "content_type": 17,
    "object_id": "9",
    "object_repr": "2021-08-06",
    "action_flag": 3,
    "change_message": ""
  }
},
{
  "model": "admin.logentry",
  "pk": 257,
  "fields": {
    "action_time": "2021-08-12T14:12:54.030Z",
    "user": 1,
    "content_type": 17,
    "object_id": "8",
    "object_repr": "2021-08-06",
    "action_flag": 3,
    "change_message": ""
  }
},
{
  "model": "admin.logentry",
  "pk": 258,
  "fields": {
    "action_time": "2021-08-12T14:12:54.088Z",
    "user": 1,
    "content_type": 17,
    "object_id": "7",
    "object_repr": "2021-08-06",
    "action_flag": 3,
    "change_message": ""
  }
},
{
  "model": "admin.logentry",
  "pk": 259,
  "fields": {
    "action_time": "2021-08-12T14:12:54.146Z",
    "user": 1,
    "content_type": 17,
    "object_id": "6",
    "object_repr": "2021-08-06",
    "action_flag": 3,
    "change_message": ""
  }
},
{
  "model": "admin.logentry",
  "pk": 260,
  "fields": {
    "action_time": "2021-08-12T14:12:54.213Z",
    "user": 1,
    "content_type": 17,
    "object_id": "5",
    "object_repr": "2021-08-06",
    "action_flag": 3,
    "change_message": ""
  }
},
{
  "model": "admin.logentry",
  "pk": 261,
  "fields": {
    "action_time": "2021-08-12T14:12:54.271Z",
    "user": 1,
    "content_type": 17,
    "object_id": "4",
    "object_repr": "2021-08-06",
    "action_flag": 3,
    "change_message": ""
  }
},
{
  "model": "admin.logentry",
  "pk": 262,
  "fields": {
    "action_time": "2021-08-12T14:12:54.314Z",
    "user": 1,
    "content_type": 17,
    "object_id": "3",
    "object_repr": "2021-08-06",
    "action_flag": 3,
    "change_message": ""
  }
},
{
  "model": "admin.logentry",
  "pk": 263,
  "fields": {
    "action_time": "2021-08-12T14:12:54.372Z",
    "user": 1,
    "content_type": 17,
    "object_id": "2",
    "object_repr": "2021-08-06",
    "action_flag": 3,
    "change_message": ""
  }
},
{
  "model": "admin.logentry",
  "pk": 264,
  "fields": {
    "action_time": "2021-08-12T14:12:54.439Z",
    "user": 1,
    "content_type": 17,
    "object_id": "1",
    "object_repr": "2021-08-06",
    "action_flag": 3,
    "change_message": ""
  }
},
{
  "model": "admin.logentry",
  "pk": 265,
  "fields": {
    "action_time": "2021-08-12T14:16:11.366Z",
    "user": 1,
    "content_type": 17,
    "object_id": "20",
    "object_repr": "2021-08-06",
    "action_flag": 3,
    "change_message": ""
  }
},
{
  "model": "admin.logentry",
  "pk": 266,
  "fields": {
    "action_time": "2021-08-12T14:16:11.415Z",
    "user": 1,
    "content_type": 17,
    "object_id": "19",
    "object_repr": "2021-08-06",
    "action_flag": 3,
    "change_message": ""
  }
},
{
  "model": "admin.logentry",
  "pk": 267,
  "fields": {
    "action_time": "2021-08-12T14:20:01.837Z",
    "user": 1,
    "content_type": 16,
    "object_id": "9",
    "object_repr": "Осонови програмування",
    "action_flag": 3,
    "change_message": ""
  }
},
{
  "model": "admin.logentry",
  "pk": 268,
  "fields": {
    "action_time": "2021-08-12T14:21:47.610Z",
    "user": 1,
    "content_type": 15,
    "object_id": "77",
    "object_repr": "1",
    "action_flag": 2,
    "change_message": "[{\"changed\": {\"fields\": [\"\\u041e\\u0446\\u0456\\u043d\\u043a\\u0430\"]}}]"
  }
},
{
  "model": "admin.logentry",
  "pk": 269,
  "fields": {
    "action_time": "2021-08-12T14:22:07.831Z",
    "user": 1,
    "content_type": 15,
    "object_id": "77",
    "object_repr": "1",
    "action_flag": 3,
    "change_message": ""
  }
},
{
  "model": "admin.logentry",
  "pk": 270,
  "fields": {
    "action_time": "2021-08-12T14:27:44.020Z",
    "user": 1,
    "content_type": 17,
    "object_id": "21",
    "object_repr": "2021-08-06",
    "action_flag": 3,
    "change_message": ""
  }
},
{
  "model": "admin.logentry",
  "pk": 271,
  "fields": {
    "action_time": "2021-08-12T15:01:50.058Z",
    "user": 1,
    "content_type": 17,
    "object_id": "22",
    "object_repr": "2021-08-06",
    "action_flag": 3,
    "change_message": ""
  }
},
{
  "model": "admin.logentry",
  "pk": 272,
  "fields": {
    "action_time": "2021-08-12T19:03:44.798Z",
    "user": 1,
    "content_type": 17,
    "object_id": "27",
    "object_repr": "2021-08-06",
    "action_flag": 3,
    "change_message": ""
  }
},
{
  "model": "admin.logentry",
  "pk": 273,
  "fields": {
    "action_time": "2021-08-12T19:03:44.882Z",
    "user": 1,
    "content_type": 17,
    "object_id": "26",
    "object_repr": "2021-08-06",
    "action_flag": 3,
    "change_message": ""
  }
},
{
  "model": "admin.logentry",
  "pk": 274,
  "fields": {
    "action_time": "2021-08-12T19:03:44.929Z",
    "user": 1,
    "content_type": 17,
    "object_id": "25",
    "object_repr": "2021-08-06",
    "action_flag": 3,
    "change_message": ""
  }
},
{
  "model": "admin.logentry",
  "pk": 275,
  "fields": {
    "action_time": "2021-08-12T19:03:44.978Z",
    "user": 1,
    "content_type": 17,
    "object_id": "24",
    "object_repr": "2021-08-06",
    "action_flag": 3,
    "change_message": ""
  }
},
{
  "model": "admin.logentry",
  "pk": 276,
  "fields": {
    "action_time": "2021-08-12T19:03:45.040Z",
    "user": 1,
    "content_type": 17,
    "object_id": "23",
    "object_repr": "2021-08-06",
    "action_flag": 3,
    "change_message": ""
  }
},
{
  "model": "admin.logentry",
  "pk": 277,
  "fields": {
    "action_time": "2021-08-12T20:32:12.707Z",
    "user": 1,
    "content_type": 15,
    "object_id": "78",
    "object_repr": "10",
    "action_flag": 3,
    "change_message": ""
  }
},
{
  "model": "admin.logentry",
  "pk": 278,
  "fields": {
    "action_time": "2021-08-12T20:34:10.484Z",
    "user": 1,
    "content_type": 15,
    "object_id": "79",
    "object_repr": "5",
    "action_flag": 3,
    "change_message": ""
  }
},
{
  "model": "admin.logentry",
  "pk": 279,
  "fields": {
    "action_time": "2021-08-12T20:35:21.304Z",
    "user": 1,
    "content_type": 15,
    "object_id": "80",
    "object_repr": "5",
    "action_flag": 2,
    "change_message": "[{\"changed\": {\"fields\": [\"\\u0422\\u0435\\u043c\\u0430\"]}}]"
  }
},
{
  "model": "admin.logentry",
  "pk": 280,
  "fields": {
    "action_time": "2021-08-12T20:36:26.147Z",
    "user": 1,
    "content_type": 15,
    "object_id": "80",
    "object_repr": "5",
    "action_flag": 3,
    "change_message": ""
  }
},
{
  "model": "admin.logentry",
  "pk": 281,
  "fields": {
    "action_time": "2021-08-12T20:41:21.608Z",
    "user": 1,
    "content_type": 15,
    "object_id": "75",
    "object_repr": "6",
    "action_flag": 2,
    "change_message": "[{\"changed\": {\"fields\": [\"\\u041e\\u0446\\u0456\\u043d\\u043a\\u0430\"]}}]"
  }
},
{
  "model": "admin.logentry",
  "pk": 282,
  "fields": {
    "action_time": "2021-08-13T06:05:49.035Z",
    "user": 1,
    "content_type": 15,
    "object_id": "67",
    "object_repr": "9",
    "action_flag": 3,
    "change_message": ""
  }
},
{
  "model": "admin.logentry",
  "pk": 283,
  "fields": {
    "action_time": "2021-08-13T06:05:51.708Z",
    "user": 1,
    "content_type": 15,
    "object_id": "75",
    "object_repr": "6",
    "action_flag": 3,
    "change_message": ""
  }
},
{
  "model": "admin.logentry",
  "pk": 284,
  "fields": {
    "action_time": "2021-08-13T06:05:54.748Z",
    "user": 1,
    "content_type": 15,
    "object_id": "69",
    "object_repr": "11",
    "action_flag": 3,
    "change_message": ""
  }
},
{
  "model": "admin.logentry",
  "pk": 285,
  "fields": {
    "action_time": "2021-08-13T06:05:58.629Z",
    "user": 1,
    "content_type": 15,
    "object_id": "73",
    "object_repr": "9",
    "action_flag": 3,
    "change_message": ""
  }
},
{
  "model": "admin.logentry",
  "pk": 286,
  "fields": {
    "action_time": "2021-08-13T06:06:01.028Z",
    "user": 1,
    "content_type": 15,
    "object_id": "74",
    "object_repr": "9",
    "action_flag": 3,
    "change_message": ""
  }
},
{
  "model": "admin.logentry",
  "pk": 287,
  "fields": {
    "action_time": "2021-08-13T06:06:25.272Z",
    "user": 1,
    "content_type": 17,
    "object_id": "42",
    "object_repr": "2021-08-06",
    "action_flag": 3,
    "change_message": ""
  }
},
{
  "model": "admin.logentry",
  "pk": 288,
  "fields": {
    "action_time": "2021-08-13T06:06:25.347Z",
    "user": 1,
    "content_type": 17,
    "object_id": "41",
    "object_repr": "2021-08-06",
    "action_flag": 3,
    "change_message": ""
  }
},
{
  "model": "admin.logentry",
  "pk": 289,
  "fields": {
    "action_time": "2021-08-13T06:06:25.389Z",
    "user": 1,
    "content_type": 17,
    "object_id": "40",
    "object_repr": "2021-08-06",
    "action_flag": 3,
    "change_message": ""
  }
},
{
  "model": "admin.logentry",
  "pk": 290,
  "fields": {
    "action_time": "2021-08-13T06:06:25.439Z",
    "user": 1,
    "content_type": 17,
    "object_id": "39",
    "object_repr": "2021-08-06",
    "action_flag": 3,
    "change_message": ""
  }
},
{
  "model": "admin.logentry",
  "pk": 291,
  "fields": {
    "action_time": "2021-08-13T06:06:25.489Z",
    "user": 1,
    "content_type": 17,
    "object_id": "38",
    "object_repr": "2021-08-06",
    "action_flag": 3,
    "change_message": ""
  }
},
{
  "model": "admin.logentry",
  "pk": 292,
  "fields": {
    "action_time": "2021-08-13T06:06:25.556Z",
    "user": 1,
    "content_type": 17,
    "object_id": "37",
    "object_repr": "2021-08-06",
    "action_flag": 3,
    "change_message": ""
  }
},
{
  "model": "admin.logentry",
  "pk": 293,
  "fields": {
    "action_time": "2021-08-13T06:06:25.631Z",
    "user": 1,
    "content_type": 17,
    "object_id": "36",
    "object_repr": "2021-08-06",
    "action_flag": 3,
    "change_message": ""
  }
},
{
  "model": "admin.logentry",
  "pk": 294,
  "fields": {
    "action_time": "2021-08-13T06:06:25.714Z",
    "user": 1,
    "content_type": 17,
    "object_id": "35",
    "object_repr": "2021-08-06",
    "action_flag": 3,
    "change_message": ""
  }
},
{
  "model": "admin.logentry",
  "pk": 295,
  "fields": {
    "action_time": "2021-08-13T06:06:25.772Z",
    "user": 1,
    "content_type": 17,
    "object_id": "34",
    "object_repr": "2021-08-06",
    "action_flag": 3,
    "change_message": ""
  }
},
{
  "model": "admin.logentry",
  "pk": 296,
  "fields": {
    "action_time": "2021-08-13T06:06:25.839Z",
    "user": 1,
    "content_type": 17,
    "object_id": "33",
    "object_repr": "2021-08-06",
    "action_flag": 3,
    "change_message": ""
  }
},
{
  "model": "admin.logentry",
  "pk": 297,
  "fields": {
    "action_time": "2021-08-13T06:06:25.914Z",
    "user": 1,
    "content_type": 17,
    "object_id": "32",
    "object_repr": "2021-08-06",
    "action_flag": 3,
    "change_message": ""
  }
},
{
  "model": "admin.logentry",
  "pk": 298,
  "fields": {
    "action_time": "2021-08-13T06:06:25.984Z",
    "user": 1,
    "content_type": 17,
    "object_id": "31",
    "object_repr": "2021-08-06",
    "action_flag": 3,
    "change_message": ""
  }
},
{
  "model": "admin.logentry",
  "pk": 299,
  "fields": {
    "action_time": "2021-08-13T06:06:26.051Z",
    "user": 1,
    "content_type": 17,
    "object_id": "30",
    "object_repr": "2021-08-06",
    "action_flag": 3,
    "change_message": ""
  }
},
{
  "model": "admin.logentry",
  "pk": 300,
  "fields": {
    "action_time": "2021-08-13T06:06:26.126Z",
    "user": 1,
    "content_type": 17,
    "object_id": "29",
    "object_repr": "2021-08-06",
    "action_flag": 3,
    "change_message": ""
  }
},
{
  "model": "admin.logentry",
  "pk": 301,
  "fields": {
    "action_time": "2021-08-13T06:06:26.207Z",
    "user": 1,
    "content_type": 17,
    "object_id": "28",
    "object_repr": "2021-08-06",
    "action_flag": 3,
    "change_message": ""
  }
},
{
  "model": "admin.logentry",
  "pk": 302,
  "fields": {
    "action_time": "2021-08-13T06:06:43.706Z",
    "user": 1,
    "content_type": 16,
    "object_id": "10",
    "object_repr": "Осонови програмування",
    "action_flag": 3,
    "change_message": ""
  }
},
{
  "model": "admin.logentry",
  "pk": 303,
  "fields": {
    "action_time": "2021-08-13T06:06:43.754Z",
    "user": 1,
    "content_type": 16,
    "object_id": "11",
    "object_repr": "Цикли",
    "action_flag": 3,
    "change_message": ""
  }
},
{
  "model": "admin.logentry",
  "pk": 304,
  "fields": {
    "action_time": "2021-08-13T06:10:13.263Z",
    "user": 1,
    "content_type": 16,
    "object_id": "8",
    "object_repr": "Повторення курсу 8 классу",
    "action_flag": 2,
    "change_message": "[{\"changed\": {\"fields\": [\"\\u0414\\u0430\\u0442\\u0430 \\u0437\\u0430\\u043a\\u0456\\u043d\\u0447\\u0435\\u043d\\u044f\"]}}]"
  }
},
{
  "model": "admin.logentry",
  "pk": 305,
  "fields": {
    "action_time": "2021-08-13T06:11:40.093Z",
    "user": 1,
    "content_type": 16,
    "object_id": "8",
    "object_repr": "Повторення курсу 8 классу",
    "action_flag": 3,
    "change_message": ""
  }
},
{
  "model": "admin.logentry",
  "pk": 306,
  "fields": {
    "action_time": "2021-08-13T09:17:35.787Z",
    "user": 1,
    "content_type": 15,
    "object_id": "81",
    "object_repr": "9",
    "action_flag": 3,
    "change_message": ""
  }
},
{
  "model": "admin.logentry",
  "pk": 307,
  "fields": {
    "action_time": "2021-08-13T16:25:50.696Z",
    "user": 1,
    "content_type": 15,
    "object_id": "82",
    "object_repr": "9",
    "action_flag": 2,
    "change_message": "[{\"changed\": {\"fields\": [\"\\u0422\\u0435\\u043c\\u0430\"]}}]"
  }
},
{
  "model": "admin.logentry",
  "pk": 308,
  "fields": {
    "action_time": "2021-08-13T16:25:54.910Z",
    "user": 1,
    "content_type": 15,
    "object_id": "82",
    "object_repr": "9",
    "action_flag": 2,
    "change_message": "[]"
  }
},
{
  "model": "admin.logentry",
  "pk": 309,
  "fields": {
    "action_time": "2021-08-13T16:25:58.454Z",
    "user": 1,
    "content_type": 15,
    "object_id": "83",
    "object_repr": "11",
    "action_flag": 2,
    "change_message": "[{\"changed\": {\"fields\": [\"\\u0422\\u0435\\u043c\\u0430\"]}}]"
  }
},
{
  "model": "admin.logentry",
  "pk": 310,
  "fields": {
    "action_time": "2021-08-13T16:27:14.239Z",
    "user": 1,
    "content_type": 15,
    "object_id": "83",
    "object_repr": "11",
    "action_flag": 3,
    "change_message": ""
  }
},
{
  "model": "admin.logentry",
  "pk": 311,
  "fields": {
    "action_time": "2021-08-13T17:41:27.354Z",
    "user": 1,
    "content_type": 17,
    "object_id": "55",
    "object_repr": "2021-08-06",
    "action_flag": 3,
    "change_message": ""
  }
},
{
  "model": "admin.logentry",
  "pk": 312,
  "fields": {
    "action_time": "2021-08-13T17:41:27.423Z",
    "user": 1,
    "content_type": 17,
    "object_id": "54",
    "object_repr": "2021-08-06",
    "action_flag": 3,
    "change_message": ""
  }
},
{
  "model": "admin.logentry",
  "pk": 313,
  "fields": {
    "action_time": "2021-08-13T17:41:27.487Z",
    "user": 1,
    "content_type": 17,
    "object_id": "53",
    "object_repr": "2021-08-06",
    "action_flag": 3,
    "change_message": ""
  }
},
{
  "model": "admin.logentry",
  "pk": 314,
  "fields": {
    "action_time": "2021-08-13T17:41:27.549Z",
    "user": 1,
    "content_type": 17,
    "object_id": "52",
    "object_repr": "2021-08-06",
    "action_flag": 3,
    "change_message": ""
  }
},
{
  "model": "admin.logentry",
  "pk": 315,
  "fields": {
    "action_time": "2021-08-13T17:41:27.612Z",
    "user": 1,
    "content_type": 17,
    "object_id": "51",
    "object_repr": "2021-08-06",
    "action_flag": 3,
    "change_message": ""
  }
},
{
  "model": "admin.logentry",
  "pk": 316,
  "fields": {
    "action_time": "2021-08-13T17:41:27.678Z",
    "user": 1,
    "content_type": 17,
    "object_id": "50",
    "object_repr": "2021-08-06",
    "action_flag": 3,
    "change_message": ""
  }
},
{
  "model": "admin.logentry",
  "pk": 317,
  "fields": {
    "action_time": "2021-08-13T17:41:27.745Z",
    "user": 1,
    "content_type": 17,
    "object_id": "49",
    "object_repr": "2021-08-06",
    "action_flag": 3,
    "change_message": ""
  }
},
{
  "model": "admin.logentry",
  "pk": 318,
  "fields": {
    "action_time": "2021-08-13T17:41:27.811Z",
    "user": 1,
    "content_type": 17,
    "object_id": "48",
    "object_repr": "2021-08-06",
    "action_flag": 3,
    "change_message": ""
  }
},
{
  "model": "admin.logentry",
  "pk": 319,
  "fields": {
    "action_time": "2021-08-13T17:41:27.887Z",
    "user": 1,
    "content_type": 17,
    "object_id": "47",
    "object_repr": "2021-08-06",
    "action_flag": 3,
    "change_message": ""
  }
},
{
  "model": "admin.logentry",
  "pk": 320,
  "fields": {
    "action_time": "2021-08-13T17:41:27.961Z",
    "user": 1,
    "content_type": 17,
    "object_id": "46",
    "object_repr": "2021-08-06",
    "action_flag": 3,
    "change_message": ""
  }
},
{
  "model": "admin.logentry",
  "pk": 321,
  "fields": {
    "action_time": "2021-08-13T17:41:28.015Z",
    "user": 1,
    "content_type": 17,
    "object_id": "45",
    "object_repr": "2021-08-06",
    "action_flag": 3,
    "change_message": ""
  }
},
{
  "model": "admin.logentry",
  "pk": 322,
  "fields": {
    "action_time": "2021-08-13T17:41:28.087Z",
    "user": 1,
    "content_type": 17,
    "object_id": "44",
    "object_repr": "2021-08-06",
    "action_flag": 3,
    "change_message": ""
  }
},
{
  "model": "admin.logentry",
  "pk": 323,
  "fields": {
    "action_time": "2021-08-13T17:41:28.154Z",
    "user": 1,
    "content_type": 17,
    "object_id": "43",
    "object_repr": "2021-08-06",
    "action_flag": 3,
    "change_message": ""
  }
},
{
  "model": "admin.logentry",
  "pk": 324,
  "fields": {
    "action_time": "2021-08-15T06:14:18.802Z",
    "user": 1,
    "content_type": 17,
    "object_id": "60",
    "object_repr": "2021-08-06",
    "action_flag": 3,
    "change_message": ""
  }
},
{
  "model": "admin.logentry",
  "pk": 325,
  "fields": {
    "action_time": "2021-08-15T06:14:18.899Z",
    "user": 1,
    "content_type": 17,
    "object_id": "59",
    "object_repr": "2021-08-06",
    "action_flag": 3,
    "change_message": ""
  }
},
{
  "model": "admin.logentry",
  "pk": 326,
  "fields": {
    "action_time": "2021-08-15T06:14:18.949Z",
    "user": 1,
    "content_type": 17,
    "object_id": "58",
    "object_repr": "2021-08-06",
    "action_flag": 3,
    "change_message": ""
  }
},
{
  "model": "admin.logentry",
  "pk": 327,
  "fields": {
    "action_time": "2021-08-15T06:14:18.999Z",
    "user": 1,
    "content_type": 17,
    "object_id": "57",
    "object_repr": "2021-08-06",
    "action_flag": 3,
    "change_message": ""
  }
},
{
  "model": "admin.logentry",
  "pk": 328,
  "fields": {
    "action_time": "2021-08-15T06:14:19.058Z",
    "user": 1,
    "content_type": 17,
    "object_id": "56",
    "object_repr": "2021-08-06",
    "action_flag": 3,
    "change_message": ""
  }
},
{
  "model": "admin.logentry",
  "pk": 329,
  "fields": {
    "action_time": "2021-08-15T06:41:37.115Z",
    "user": 1,
    "content_type": 17,
    "object_id": "75",
    "object_repr": "2021-08-06",
    "action_flag": 3,
    "change_message": ""
  }
},
{
  "model": "admin.logentry",
  "pk": 330,
  "fields": {
    "action_time": "2021-08-15T06:41:37.225Z",
    "user": 1,
    "content_type": 17,
    "object_id": "74",
    "object_repr": "2021-08-06",
    "action_flag": 3,
    "change_message": ""
  }
},
{
  "model": "admin.logentry",
  "pk": 331,
  "fields": {
    "action_time": "2021-08-15T06:41:37.292Z",
    "user": 1,
    "content_type": 17,
    "object_id": "73",
    "object_repr": "2021-08-06",
    "action_flag": 3,
    "change_message": ""
  }
},
{
  "model": "admin.logentry",
  "pk": 332,
  "fields": {
    "action_time": "2021-08-15T06:41:37.350Z",
    "user": 1,
    "content_type": 17,
    "object_id": "72",
    "object_repr": "2021-08-06",
    "action_flag": 3,
    "change_message": ""
  }
},
{
  "model": "admin.logentry",
  "pk": 333,
  "fields": {
    "action_time": "2021-08-15T06:41:37.414Z",
    "user": 1,
    "content_type": 17,
    "object_id": "71",
    "object_repr": "2021-08-06",
    "action_flag": 3,
    "change_message": ""
  }
},
{
  "model": "admin.logentry",
  "pk": 334,
  "fields": {
    "action_time": "2021-08-15T06:41:37.465Z",
    "user": 1,
    "content_type": 17,
    "object_id": "70",
    "object_repr": "2021-08-06",
    "action_flag": 3,
    "change_message": ""
  }
},
{
  "model": "admin.logentry",
  "pk": 335,
  "fields": {
    "action_time": "2021-08-15T06:41:37.514Z",
    "user": 1,
    "content_type": 17,
    "object_id": "69",
    "object_repr": "2021-08-06",
    "action_flag": 3,
    "change_message": ""
  }
},
{
  "model": "admin.logentry",
  "pk": 336,
  "fields": {
    "action_time": "2021-08-15T06:41:37.581Z",
    "user": 1,
    "content_type": 17,
    "object_id": "68",
    "object_repr": "2021-08-06",
    "action_flag": 3,
    "change_message": ""
  }
},
{
  "model": "admin.logentry",
  "pk": 337,
  "fields": {
    "action_time": "2021-08-15T06:41:37.655Z",
    "user": 1,
    "content_type": 17,
    "object_id": "67",
    "object_repr": "2021-08-06",
    "action_flag": 3,
    "change_message": ""
  }
},
{
  "model": "admin.logentry",
  "pk": 338,
  "fields": {
    "action_time": "2021-08-15T06:41:37.722Z",
    "user": 1,
    "content_type": 17,
    "object_id": "66",
    "object_repr": "2021-08-06",
    "action_flag": 3,
    "change_message": ""
  }
},
{
  "model": "admin.logentry",
  "pk": 339,
  "fields": {
    "action_time": "2021-08-15T06:41:37.777Z",
    "user": 1,
    "content_type": 17,
    "object_id": "65",
    "object_repr": "2021-08-06",
    "action_flag": 3,
    "change_message": ""
  }
},
{
  "model": "admin.logentry",
  "pk": 340,
  "fields": {
    "action_time": "2021-08-15T06:41:37.840Z",
    "user": 1,
    "content_type": 17,
    "object_id": "64",
    "object_repr": "2021-08-06",
    "action_flag": 3,
    "change_message": ""
  }
},
{
  "model": "admin.logentry",
  "pk": 341,
  "fields": {
    "action_time": "2021-08-15T06:41:37.905Z",
    "user": 1,
    "content_type": 17,
    "object_id": "63",
    "object_repr": "2021-08-06",
    "action_flag": 3,
    "change_message": ""
  }
},
{
  "model": "admin.logentry",
  "pk": 342,
  "fields": {
    "action_time": "2021-08-15T06:41:37.972Z",
    "user": 1,
    "content_type": 17,
    "object_id": "62",
    "object_repr": "2021-08-06",
    "action_flag": 3,
    "change_message": ""
  }
},
{
  "model": "admin.logentry",
  "pk": 343,
  "fields": {
    "action_time": "2021-08-15T06:41:38.039Z",
    "user": 1,
    "content_type": 17,
    "object_id": "61",
    "object_repr": "2021-08-06",
    "action_flag": 3,
    "change_message": ""
  }
},
{
  "model": "admin.logentry",
  "pk": 344,
  "fields": {
    "action_time": "2021-08-17T08:05:33.180Z",
    "user": 1,
    "content_type": 15,
    "object_id": "91",
    "object_repr": "12 - Тематична",
    "action_flag": 2,
    "change_message": "[{\"changed\": {\"fields\": [\"\\u041e\\u0446\\u0456\\u043d\\u043a\\u0430\"]}}]"
  }
},
{
  "model": "admin.logentry",
  "pk": 345,
  "fields": {
    "action_time": "2021-08-17T08:58:11.014Z",
    "user": 1,
    "content_type": 15,
    "object_id": "89",
    "object_repr": "11 - Звичайна",
    "action_flag": 2,
    "change_message": "[{\"changed\": {\"fields\": [\"\\u041e\\u0446\\u0456\\u043d\\u043a\\u0430\"]}}]"
  }
},
{
  "model": "admin.logentry",
  "pk": 346,
  "fields": {
    "action_time": "2021-08-17T08:58:23.098Z",
    "user": 1,
    "content_type": 15,
    "object_id": "89",
    "object_repr": "12 - Звичайна",
    "action_flag": 2,
    "change_message": "[{\"changed\": {\"fields\": [\"\\u041e\\u0446\\u0456\\u043d\\u043a\\u0430\"]}}]"
  }
},
{
  "model": "admin.logentry",
  "pk": 347,
  "fields": {
    "action_time": "2021-08-17T12:48:38.906Z",
    "user": 1,
    "content_type": 15,
    "object_id": "89",
    "object_repr": "11 - Звичайна",
    "action_flag": 2,
    "change_message": "[{\"changed\": {\"fields\": [\"\\u041e\\u0446\\u0456\\u043d\\u043a\\u0430\"]}}]"
  }
},
{
  "model": "admin.logentry",
  "pk": 348,
  "fields": {
    "action_time": "2021-08-17T13:15:00.057Z",
    "user": 1,
    "content_type": 15,
    "object_id": "90",
    "object_repr": "9 - Звичайна",
    "action_flag": 3,
    "change_message": ""
  }
},
{
  "model": "admin.logentry",
  "pk": 349,
  "fields": {
    "action_time": "2021-08-17T13:15:05.495Z",
    "user": 1,
    "content_type": 15,
    "object_id": "89",
    "object_repr": "11 - Звичайна",
    "action_flag": 3,
    "change_message": ""
  }
},
{
  "model": "admin.logentry",
  "pk": 350,
  "fields": {
    "action_time": "2021-08-17T13:15:05.593Z",
    "user": 1,
    "content_type": 15,
    "object_id": "84",
    "object_repr": "10 - Звичайна",
    "action_flag": 3,
    "change_message": ""
  }
},
{
  "model": "admin.logentry",
  "pk": 351,
  "fields": {
    "action_time": "2021-08-17T13:15:05.652Z",
    "user": 1,
    "content_type": 15,
    "object_id": "82",
    "object_repr": "9 - Звичайна",
    "action_flag": 3,
    "change_message": ""
  }
},
{
  "model": "admin.logentry",
  "pk": 352,
  "fields": {
    "action_time": "2021-08-17T13:15:05.702Z",
    "user": 1,
    "content_type": 15,
    "object_id": "88",
    "object_repr": "9 - Перший семестр",
    "action_flag": 3,
    "change_message": ""
  }
},
{
  "model": "admin.logentry",
  "pk": 353,
  "fields": {
    "action_time": "2021-08-17T13:15:05.744Z",
    "user": 1,
    "content_type": 15,
    "object_id": "87",
    "object_repr": "10 - Перший семестр",
    "action_flag": 3,
    "change_message": ""
  }
},
{
  "model": "admin.logentry",
  "pk": 354,
  "fields": {
    "action_time": "2021-08-17T13:15:05.785Z",
    "user": 1,
    "content_type": 15,
    "object_id": "92",
    "object_repr": "9 - Тематична",
    "action_flag": 3,
    "change_message": ""
  }
},
{
  "model": "admin.logentry",
  "pk": 355,
  "fields": {
    "action_time": "2021-08-17T13:15:05.835Z",
    "user": 1,
    "content_type": 15,
    "object_id": "86",
    "object_repr": "10 - Тематична",
    "action_flag": 3,
    "change_message": ""
  }
},
{
  "model": "admin.logentry",
  "pk": 356,
  "fields": {
    "action_time": "2021-08-17T13:15:05.877Z",
    "user": 1,
    "content_type": 15,
    "object_id": "85",
    "object_repr": "9 - Тематична",
    "action_flag": 3,
    "change_message": ""
  }
},
{
  "model": "admin.logentry",
  "pk": 357,
  "fields": {
    "action_time": "2021-08-17T13:15:18.761Z",
    "user": 1,
    "content_type": 16,
    "object_id": "13",
    "object_repr": "Осонови програмування",
    "action_flag": 3,
    "change_message": ""
  }
},
{
  "model": "admin.logentry",
  "pk": 358,
  "fields": {
    "action_time": "2021-08-17T13:15:26.628Z",
    "user": 1,
    "content_type": 16,
    "object_id": "12",
    "object_repr": "Повторення курсу 8 классу",
    "action_flag": 2,
    "change_message": "[{\"changed\": {\"fields\": [\"\\u0414\\u0430\\u0442\\u0430 \\u0437\\u0430\\u043a\\u0456\\u043d\\u0447\\u0435\\u043d\\u044f\"]}}]"
  }
},
{
  "model": "admin.logentry",
  "pk": 359,
  "fields": {
    "action_time": "2021-08-17T13:16:26.583Z",
    "user": 1,
    "content_type": 15,
    "object_id": "95",
    "object_repr": "9 - Звичайна",
    "action_flag": 1,
    "change_message": "[{\"added\": {}}]"
  }
},
{
  "model": "admin.logentry",
  "pk": 360,
  "fields": {
    "action_time": "2021-08-17T13:18:11.874Z",
    "user": 1,
    "content_type": 15,
    "object_id": "95",
    "object_repr": "11 - Звичайна",
    "action_flag": 2,
    "change_message": "[{\"changed\": {\"fields\": [\"\\u041e\\u0446\\u0456\\u043d\\u043a\\u0430\"]}}]"
  }
},
{
  "model": "admin.logentry",
  "pk": 361,
  "fields": {
    "action_time": "2021-08-17T13:19:50.898Z",
    "user": 1,
    "content_type": 15,
    "object_id": "96",
    "object_repr": "10 - Тематична",
    "action_flag": 2,
    "change_message": "[{\"changed\": {\"fields\": [\"\\u041e\\u0446\\u0456\\u043d\\u043a\\u0430\"]}}]"
  }
},
{
  "model": "admin.logentry",
  "pk": 362,
  "fields": {
    "action_time": "2021-08-17T13:20:16.512Z",
    "user": 1,
    "content_type": 15,
    "object_id": "96",
    "object_repr": "11 - Тематична",
    "action_flag": 2,
    "change_message": "[{\"changed\": {\"fields\": [\"\\u041e\\u0446\\u0456\\u043d\\u043a\\u0430\"]}}]"
  }
},
{
  "model": "admin.logentry",
  "pk": 363,
  "fields": {
    "action_time": "2021-08-18T08:14:08.914Z",
    "user": 1,
    "content_type": 15,
    "object_id": "97",
    "object_repr": "10 - Тематична",
    "action_flag": 3,
    "change_message": ""
  }
},
{
  "model": "admin.logentry",
  "pk": 364,
  "fields": {
    "action_time": "2021-08-18T08:14:23.783Z",
    "user": 1,
    "content_type": 16,
    "object_id": "12",
    "object_repr": "Повторення курсу 8 классу",
    "action_flag": 2,
    "change_message": "[{\"changed\": {\"fields\": [\"\\u0414\\u0430\\u0442\\u0430 \\u0437\\u0430\\u043a\\u0456\\u043d\\u0447\\u0435\\u043d\\u044f\"]}}]"
  }
},
{
  "model": "admin.logentry",
  "pk": 365,
  "fields": {
    "action_time": "2021-08-18T08:14:52.322Z",
    "user": 1,
    "content_type": 15,
    "object_id": "99",
    "object_repr": "10 - Тематична",
    "action_flag": 3,
    "change_message": ""
  }
},
{
  "model": "admin.logentry",
  "pk": 366,
  "fields": {
    "action_time": "2021-08-18T08:14:55.603Z",
    "user": 1,
    "content_type": 15,
    "object_id": "98",
    "object_repr": "11 - Тематична",
    "action_flag": 3,
    "change_message": ""
  }
},
{
  "model": "admin.logentry",
  "pk": 367,
  "fields": {
    "action_time": "2021-08-18T08:15:00.029Z",
    "user": 1,
    "content_type": 16,
    "object_id": "12",
    "object_repr": "Повторення курсу 8 классу",
    "action_flag": 2,
    "change_message": "[{\"changed\": {\"fields\": [\"\\u0414\\u0430\\u0442\\u0430 \\u0437\\u0430\\u043a\\u0456\\u043d\\u0447\\u0435\\u043d\\u044f\"]}}]"
  }
},
{
  "model": "admin.logentry",
  "pk": 368,
  "fields": {
    "action_time": "2021-08-18T08:19:42.315Z",
    "user": 1,
    "content_type": 15,
    "object_id": "101",
    "object_repr": "10 - Тематична",
    "action_flag": 3,
    "change_message": ""
  }
},
{
  "model": "admin.logentry",
  "pk": 369,
  "fields": {
    "action_time": "2021-08-18T08:19:45.997Z",
    "user": 1,
    "content_type": 15,
    "object_id": "102",
    "object_repr": "12 - Звичайна",
    "action_flag": 3,
    "change_message": ""
  }
},
{
  "model": "admin.logentry",
  "pk": 370,
  "fields": {
    "action_time": "2021-08-18T08:21:17.152Z",
    "user": 1,
    "content_type": 16,
    "object_id": "12",
    "object_repr": "Повторення курсу 8 классу",
    "action_flag": 2,
    "change_message": "[{\"changed\": {\"fields\": [\"\\u0414\\u0430\\u0442\\u0430 \\u0437\\u0430\\u043a\\u0456\\u043d\\u0447\\u0435\\u043d\\u044f\"]}}]"
  }
},
{
  "model": "admin.logentry",
  "pk": 371,
  "fields": {
    "action_time": "2021-08-18T08:29:59.320Z",
    "user": 1,
    "content_type": 16,
    "object_id": "12",
    "object_repr": "Повторення курсу 8 классу",
    "action_flag": 2,
    "change_message": "[{\"changed\": {\"fields\": [\"\\u0414\\u0430\\u0442\\u0430 \\u0437\\u0430\\u043a\\u0456\\u043d\\u0447\\u0435\\u043d\\u044f\"]}}]"
  }
},
{
  "model": "admin.logentry",
  "pk": 372,
  "fields": {
    "action_time": "2021-08-18T08:30:05.533Z",
    "user": 1,
    "content_type": 15,
    "object_id": "104",
    "object_repr": "10 - Тематична",
    "action_flag": 3,
    "change_message": ""
  }
},
{
  "model": "admin.logentry",
  "pk": 373,
  "fields": {
    "action_time": "2021-08-18T08:30:08.434Z",
    "user": 1,
    "content_type": 15,
    "object_id": "105",
    "object_repr": "12 - Звичайна",
    "action_flag": 3,
    "change_message": ""
  }
},
{
  "model": "admin.logentry",
  "pk": 374,
  "fields": {
    "action_time": "2021-08-18T08:32:15.422Z",
    "user": 1,
    "content_type": 15,
    "object_id": "107",
    "object_repr": "10 - Тематична",
    "action_flag": 3,
    "change_message": ""
  }
},
{
  "model": "admin.logentry",
  "pk": 375,
  "fields": {
    "action_time": "2021-08-18T08:32:23.087Z",
    "user": 1,
    "content_type": 16,
    "object_id": "12",
    "object_repr": "Повторення курсу 8 классу",
    "action_flag": 2,
    "change_message": "[{\"changed\": {\"fields\": [\"\\u0414\\u0430\\u0442\\u0430 \\u0437\\u0430\\u043a\\u0456\\u043d\\u0447\\u0435\\u043d\\u044f\"]}}]"
  }
},
{
  "model": "admin.logentry",
  "pk": 376,
  "fields": {
    "action_time": "2021-08-19T08:32:55.753Z",
    "user": 1,
    "content_type": 13,
    "object_id": "6",
    "object_repr": "Наталія Манчук Володимирівна - вчитель 9-Б",
    "action_flag": 3,
    "change_message": ""
  }
},
{
  "model": "admin.logentry",
  "pk": 377,
  "fields": {
    "action_time": "2021-08-19T10:15:17.551Z",
    "user": 1,
    "content_type": 16,
    "object_id": "14",
    "object_repr": "Повторення курсу 8 класу",
    "action_flag": 1,
    "change_message": "[{\"added\": {}}]"
  }
},
{
  "model": "admin.logentry",
  "pk": 378,
  "fields": {
    "action_time": "2021-08-19T10:21:05.438Z",
    "user": 1,
    "content_type": 15,
    "object_id": "110",
    "object_repr": "10 - Звичайна",
    "action_flag": 1,
    "change_message": "[{\"added\": {}}]"
  }
},
{
  "model": "admin.logentry",
  "pk": 379,
  "fields": {
    "action_time": "2021-08-19T10:48:29.235Z",
    "user": 1,
    "content_type": 15,
    "object_id": "110",
    "object_repr": "10 - Звичайна",
    "action_flag": 2,
    "change_message": "[{\"changed\": {\"fields\": [\"\\u0423\\u0447\\u0435\\u043d\\u044c\"]}}]"
  }
},
{
  "model": "admin.logentry",
  "pk": 380,
  "fields": {
    "action_time": "2021-08-19T10:48:40.001Z",
    "user": 1,
    "content_type": 15,
    "object_id": "110",
    "object_repr": "10 - Звичайна",
    "action_flag": 2,
    "change_message": "[{\"changed\": {\"fields\": [\"\\u0423\\u0447\\u0435\\u043d\\u044c\"]}}]"
  }
},
{
  "model": "admin.logentry",
  "pk": 381,
  "fields": {
    "action_time": "2021-08-19T10:48:45.729Z",
    "user": 1,
    "content_type": 15,
    "object_id": "110",
    "object_repr": "10 - Звичайна",
    "action_flag": 2,
    "change_message": "[{\"changed\": {\"fields\": [\"\\u0423\\u0447\\u0435\\u043d\\u044c\"]}}]"
  }
},
{
  "model": "admin.logentry",
  "pk": 382,
  "fields": {
    "action_time": "2021-08-19T10:49:27.428Z",
    "user": 1,
    "content_type": 15,
    "object_id": "110",
    "object_repr": "10 - Звичайна",
    "action_flag": 2,
    "change_message": "[{\"changed\": {\"fields\": [\"\\u0423\\u0447\\u0435\\u043d\\u044c\"]}}]"
  }
},
{
  "model": "admin.logentry",
  "pk": 383,
  "fields": {
    "action_time": "2021-08-19T11:05:13.280Z",
    "user": 1,
    "content_type": 15,
    "object_id": "110",
    "object_repr": "10 - Тематична",
    "action_flag": 2,
    "change_message": "[{\"changed\": {\"fields\": [\"\\u0422\\u0438\\u043f\"]}}]"
  }
},
{
  "model": "admin.logentry",
  "pk": 384,
  "fields": {
    "action_time": "2021-08-19T11:05:19.854Z",
    "user": 1,
    "content_type": 16,
    "object_id": "14",
    "object_repr": "Повторення курсу 8 класу",
    "action_flag": 2,
    "change_message": "[{\"changed\": {\"fields\": [\"\\u0414\\u0430\\u0442\\u0430 \\u0437\\u0430\\u043a\\u0456\\u043d\\u0447\\u0435\\u043d\\u044f\"]}}]"
  }
},
{
  "model": "admin.logentry",
  "pk": 385,
  "fields": {
    "action_time": "2021-08-19T11:06:04.601Z",
    "user": 1,
    "content_type": 15,
    "object_id": "111",
    "object_repr": "10 - Звичайна",
    "action_flag": 1,
    "change_message": "[{\"added\": {}}]"
  }
},
{
  "model": "admin.logentry",
  "pk": 386,
  "fields": {
    "action_time": "2021-08-19T13:28:10.041Z",
    "user": 1,
    "content_type": 15,
    "object_id": "112",
    "object_repr": "10 - Перший семестр",
    "action_flag": 1,
    "change_message": "[{\"added\": {}}]"
  }
},
{
  "model": "admin.logentry",
  "pk": 387,
  "fields": {
    "action_time": "2021-08-19T13:32:11.616Z",
    "user": 1,
    "content_type": 15,
    "object_id": "112",
    "object_repr": "10 - Тематична",
    "action_flag": 2,
    "change_message": "[{\"changed\": {\"fields\": [\"\\u0423\\u0447\\u0435\\u043d\\u044c\", \"\\u0422\\u0438\\u043f\", \"\\u0422\\u0435\\u043c\\u0430\"]}}]"
  }
},
{
  "model": "admin.logentry",
  "pk": 388,
  "fields": {
    "action_time": "2021-08-19T13:56:26.350Z",
    "user": 1,
    "content_type": 16,
    "object_id": "14",
    "object_repr": "Повторення курсу 8 класу",
    "action_flag": 2,
    "change_message": "[]"
  }
},
{
  "model": "admin.logentry",
  "pk": 389,
  "fields": {
    "action_time": "2021-08-19T13:56:48.578Z",
    "user": 1,
    "content_type": 15,
    "object_id": "113",
    "object_repr": "9 - Звичайна",
    "action_flag": 3,
    "change_message": ""
  }
},
{
  "model": "admin.logentry",
  "pk": 390,
  "fields": {
    "action_time": "2021-08-19T13:57:21.570Z",
    "user": 1,
    "content_type": 15,
    "object_id": "112",
    "object_repr": "10 - Тематична",
    "action_flag": 3,
    "change_message": ""
  }
},
{
  "model": "admin.logentry",
  "pk": 391,
  "fields": {
    "action_time": "2021-08-19T13:57:24.568Z",
    "user": 1,
    "content_type": 15,
    "object_id": "110",
    "object_repr": "10 - Тематична",
    "action_flag": 3,
    "change_message": ""
  }
},
{
  "model": "admin.logentry",
  "pk": 392,
  "fields": {
    "action_time": "2021-08-19T13:57:33.995Z",
    "user": 1,
    "content_type": 16,
    "object_id": "14",
    "object_repr": "Повторення курсу 8 класу",
    "action_flag": 2,
    "change_message": "[{\"changed\": {\"fields\": [\"\\u0414\\u0430\\u0442\\u0430 \\u0437\\u0430\\u043a\\u0456\\u043d\\u0447\\u0435\\u043d\\u044f\"]}}]"
  }
},
{
  "model": "admin.logentry",
  "pk": 393,
  "fields": {
    "action_time": "2021-08-19T14:20:01.825Z",
    "user": 1,
    "content_type": 15,
    "object_id": "119",
    "object_repr": "10 - Другий семестр",
    "action_flag": 3,
    "change_message": ""
  }
},
{
  "model": "admin.logentry",
  "pk": 394,
  "fields": {
    "action_time": "2021-08-19T14:20:04.882Z",
    "user": 1,
    "content_type": 15,
    "object_id": "120",
    "object_repr": "9 - Другий семестр",
    "action_flag": 3,
    "change_message": ""
  }
},
{
  "model": "admin.logentry",
  "pk": 395,
  "fields": {
    "action_time": "2021-08-19T14:33:23.514Z",
    "user": 1,
    "content_type": 15,
    "object_id": "121",
    "object_repr": "10 - Другий семестр",
    "action_flag": 3,
    "change_message": ""
  }
},
{
  "model": "admin.logentry",
  "pk": 396,
  "fields": {
    "action_time": "2021-08-19T14:35:07.121Z",
    "user": 1,
    "content_type": 15,
    "object_id": "122",
    "object_repr": "10 - Другий семестр",
    "action_flag": 3,
    "change_message": ""
  }
},
{
  "model": "admin.logentry",
  "pk": 397,
  "fields": {
    "action_time": "2021-08-19T14:40:07.578Z",
    "user": 1,
    "content_type": 15,
    "object_id": "123",
    "object_repr": "10 - Другий семестр",
    "action_flag": 3,
    "change_message": ""
  }
},
{
  "model": "admin.logentry",
  "pk": 398,
  "fields": {
    "action_time": "2021-08-19T14:41:37.569Z",
    "user": 1,
    "content_type": 15,
    "object_id": "124",
    "object_repr": "10 - Другий семестр",
    "action_flag": 3,
    "change_message": ""
  }
},
{
  "model": "admin.logentry",
  "pk": 399,
  "fields": {
    "action_time": "2021-08-19T14:45:25.761Z",
    "user": 1,
    "content_type": 15,
    "object_id": "125",
    "object_repr": "10 - Другий семестр",
    "action_flag": 3,
    "change_message": ""
  }
},
{
  "model": "admin.logentry",
  "pk": 400,
  "fields": {
    "action_time": "2021-08-19T14:50:37.594Z",
    "user": 1,
    "content_type": 15,
    "object_id": "126",
    "object_repr": "10 - Другий семестр",
    "action_flag": 3,
    "change_message": ""
  }
},
{
  "model": "admin.logentry",
  "pk": 401,
  "fields": {
    "action_time": "2021-08-19T14:51:17.578Z",
    "user": 1,
    "content_type": 15,
    "object_id": "127",
    "object_repr": "10 - Другий семестр",
    "action_flag": 3,
    "change_message": ""
  }
},
{
  "model": "admin.logentry",
  "pk": 402,
  "fields": {
    "action_time": "2021-08-19T14:51:36.658Z",
    "user": 1,
    "content_type": 15,
    "object_id": "130",
    "object_repr": "9 - Другий семестр",
    "action_flag": 3,
    "change_message": ""
  }
},
{
  "model": "admin.logentry",
  "pk": 403,
  "fields": {
    "action_time": "2021-08-19T14:51:47.400Z",
    "user": 1,
    "content_type": 15,
    "object_id": "128",
    "object_repr": "10 - Другий семестр",
    "action_flag": 3,
    "change_message": ""
  }
},
{
  "model": "admin.logentry",
  "pk": 404,
  "fields": {
    "action_time": "2021-08-19T14:51:47.452Z",
    "user": 1,
    "content_type": 15,
    "object_id": "131",
    "object_repr": "9 - Річна",
    "action_flag": 3,
    "change_message": ""
  }
},
{
  "model": "admin.logentry",
  "pk": 405,
  "fields": {
    "action_time": "2021-08-19T14:51:47.501Z",
    "user": 1,
    "content_type": 15,
    "object_id": "129",
    "object_repr": "10 - Річна",
    "action_flag": 3,
    "change_message": ""
  }
},
{
  "model": "auth.permission",
  "pk": 1,
  "fields": {
    "name": "Can add log entry",
    "content_type": 1,
    "codename": "add_logentry"
  }
},
{
  "model": "auth.permission",
  "pk": 2,
  "fields": {
    "name": "Can change log entry",
    "content_type": 1,
    "codename": "change_logentry"
  }
},
{
  "model": "auth.permission",
  "pk": 3,
  "fields": {
    "name": "Can delete log entry",
    "content_type": 1,
    "codename": "delete_logentry"
  }
},
{
  "model": "auth.permission",
  "pk": 4,
  "fields": {
    "name": "Can view log entry",
    "content_type": 1,
    "codename": "view_logentry"
  }
},
{
  "model": "auth.permission",
  "pk": 5,
  "fields": {
    "name": "Can add permission",
    "content_type": 2,
    "codename": "add_permission"
  }
},
{
  "model": "auth.permission",
  "pk": 6,
  "fields": {
    "name": "Can change permission",
    "content_type": 2,
    "codename": "change_permission"
  }
},
{
  "model": "auth.permission",
  "pk": 7,
  "fields": {
    "name": "Can delete permission",
    "content_type": 2,
    "codename": "delete_permission"
  }
},
{
  "model": "auth.permission",
  "pk": 8,
  "fields": {
    "name": "Can view permission",
    "content_type": 2,
    "codename": "view_permission"
  }
},
{
  "model": "auth.permission",
  "pk": 9,
  "fields": {
    "name": "Can add group",
    "content_type": 3,
    "codename": "add_group"
  }
},
{
  "model": "auth.permission",
  "pk": 10,
  "fields": {
    "name": "Can change group",
    "content_type": 3,
    "codename": "change_group"
  }
},
{
  "model": "auth.permission",
  "pk": 11,
  "fields": {
    "name": "Can delete group",
    "content_type": 3,
    "codename": "delete_group"
  }
},
{
  "model": "auth.permission",
  "pk": 12,
  "fields": {
    "name": "Can view group",
    "content_type": 3,
    "codename": "view_group"
  }
},
{
  "model": "auth.permission",
  "pk": 13,
  "fields": {
    "name": "Can add user",
    "content_type": 4,
    "codename": "add_user"
  }
},
{
  "model": "auth.permission",
  "pk": 14,
  "fields": {
    "name": "Can change user",
    "content_type": 4,
    "codename": "change_user"
  }
},
{
  "model": "auth.permission",
  "pk": 15,
  "fields": {
    "name": "Can delete user",
    "content_type": 4,
    "codename": "delete_user"
  }
},
{
  "model": "auth.permission",
  "pk": 16,
  "fields": {
    "name": "Can view user",
    "content_type": 4,
    "codename": "view_user"
  }
},
{
  "model": "auth.permission",
  "pk": 17,
  "fields": {
    "name": "Can add content type",
    "content_type": 5,
    "codename": "add_contenttype"
  }
},
{
  "model": "auth.permission",
  "pk": 18,
  "fields": {
    "name": "Can change content type",
    "content_type": 5,
    "codename": "change_contenttype"
  }
},
{
  "model": "auth.permission",
  "pk": 19,
  "fields": {
    "name": "Can delete content type",
    "content_type": 5,
    "codename": "delete_contenttype"
  }
},
{
  "model": "auth.permission",
  "pk": 20,
  "fields": {
    "name": "Can view content type",
    "content_type": 5,
    "codename": "view_contenttype"
  }
},
{
  "model": "auth.permission",
  "pk": 21,
  "fields": {
    "name": "Can add session",
    "content_type": 6,
    "codename": "add_session"
  }
},
{
  "model": "auth.permission",
  "pk": 22,
  "fields": {
    "name": "Can change session",
    "content_type": 6,
    "codename": "change_session"
  }
},
{
  "model": "auth.permission",
  "pk": 23,
  "fields": {
    "name": "Can delete session",
    "content_type": 6,
    "codename": "delete_session"
  }
},
{
  "model": "auth.permission",
  "pk": 24,
  "fields": {
    "name": "Can view session",
    "content_type": 6,
    "codename": "view_session"
  }
},
{
  "model": "auth.permission",
  "pk": 25,
  "fields": {
    "name": "Can add Предмет",
    "content_type": 7,
    "codename": "add_subject"
  }
},
{
  "model": "auth.permission",
  "pk": 26,
  "fields": {
    "name": "Can change Предмет",
    "content_type": 7,
    "codename": "change_subject"
  }
},
{
  "model": "auth.permission",
  "pk": 27,
  "fields": {
    "name": "Can delete Предмет",
    "content_type": 7,
    "codename": "delete_subject"
  }
},
{
  "model": "auth.permission",
  "pk": 28,
  "fields": {
    "name": "Can view Предмет",
    "content_type": 7,
    "codename": "view_subject"
  }
},
{
  "model": "auth.permission",
  "pk": 29,
  "fields": {
    "name": "Can add Вчитель",
    "content_type": 8,
    "codename": "add_teacher"
  }
},
{
  "model": "auth.permission",
  "pk": 30,
  "fields": {
    "name": "Can change Вчитель",
    "content_type": 8,
    "codename": "change_teacher"
  }
},
{
  "model": "auth.permission",
  "pk": 31,
  "fields": {
    "name": "Can delete Вчитель",
    "content_type": 8,
    "codename": "delete_teacher"
  }
},
{
  "model": "auth.permission",
  "pk": 32,
  "fields": {
    "name": "Can view Вчитель",
    "content_type": 8,
    "codename": "view_teacher"
  }
},
{
  "model": "auth.permission",
  "pk": 33,
  "fields": {
    "name": "Can add Сиписок предметiв",
    "content_type": 9,
    "codename": "add_teachersubjects"
  }
},
{
  "model": "auth.permission",
  "pk": 34,
  "fields": {
    "name": "Can change Сиписок предметiв",
    "content_type": 9,
    "codename": "change_teachersubjects"
  }
},
{
  "model": "auth.permission",
  "pk": 35,
  "fields": {
    "name": "Can delete Сиписок предметiв",
    "content_type": 9,
    "codename": "delete_teachersubjects"
  }
},
{
  "model": "auth.permission",
  "pk": 36,
  "fields": {
    "name": "Can view Сиписок предметiв",
    "content_type": 9,
    "codename": "view_teachersubjects"
  }
},
{
  "model": "auth.permission",
  "pk": 37,
  "fields": {
    "name": "Can add Журнал",
    "content_type": 10,
    "codename": "add_schooljournal"
  }
},
{
  "model": "auth.permission",
  "pk": 38,
  "fields": {
    "name": "Can change Журнал",
    "content_type": 10,
    "codename": "change_schooljournal"
  }
},
{
  "model": "auth.permission",
  "pk": 39,
  "fields": {
    "name": "Can delete Журнал",
    "content_type": 10,
    "codename": "delete_schooljournal"
  }
},
{
  "model": "auth.permission",
  "pk": 40,
  "fields": {
    "name": "Can view Журнал",
    "content_type": 10,
    "codename": "view_schooljournal"
  }
},
{
  "model": "auth.permission",
  "pk": 41,
  "fields": {
    "name": "Can add Вчитель",
    "content_type": 11,
    "codename": "add_student"
  }
},
{
  "model": "auth.permission",
  "pk": 42,
  "fields": {
    "name": "Can change Вчитель",
    "content_type": 11,
    "codename": "change_student"
  }
},
{
  "model": "auth.permission",
  "pk": 43,
  "fields": {
    "name": "Can delete Вчитель",
    "content_type": 11,
    "codename": "delete_student"
  }
},
{
  "model": "auth.permission",
  "pk": 44,
  "fields": {
    "name": "Can view Вчитель",
    "content_type": 11,
    "codename": "view_student"
  }
},
{
  "model": "auth.permission",
  "pk": 45,
  "fields": {
    "name": "Can add Предмети классу",
    "content_type": 12,
    "codename": "add_classsubjects"
  }
},
{
  "model": "auth.permission",
  "pk": 46,
  "fields": {
    "name": "Can change Предмети классу",
    "content_type": 12,
    "codename": "change_classsubjects"
  }
},
{
  "model": "auth.permission",
  "pk": 47,
  "fields": {
    "name": "Can delete Предмети классу",
    "content_type": 12,
    "codename": "delete_classsubjects"
  }
},
{
  "model": "auth.permission",
  "pk": 48,
  "fields": {
    "name": "Can view Предмети классу",
    "content_type": 12,
    "codename": "view_classsubjects"
  }
},
{
  "model": "auth.permission",
  "pk": 49,
  "fields": {
    "name": "Can add Предмет вчителя",
    "content_type": 13,
    "codename": "add_classteacher"
  }
},
{
  "model": "auth.permission",
  "pk": 50,
  "fields": {
    "name": "Can change Предмет вчителя",
    "content_type": 13,
    "codename": "change_classteacher"
  }
},
{
  "model": "auth.permission",
  "pk": 51,
  "fields": {
    "name": "Can delete Предмет вчителя",
    "content_type": 13,
    "codename": "delete_classteacher"
  }
},
{
  "model": "auth.permission",
  "pk": 52,
  "fields": {
    "name": "Can view Предмет вчителя",
    "content_type": 13,
    "codename": "view_classteacher"
  }
},
{
  "model": "auth.permission",
  "pk": 53,
  "fields": {
    "name": "Can add Тип оцінки",
    "content_type": 14,
    "codename": "add_marktype"
  }
},
{
  "model": "auth.permission",
  "pk": 54,
  "fields": {
    "name": "Can change Тип оцінки",
    "content_type": 14,
    "codename": "change_marktype"
  }
},
{
  "model": "auth.permission",
  "pk": 55,
  "fields": {
    "name": "Can delete Тип оцінки",
    "content_type": 14,
    "codename": "delete_marktype"
  }
},
{
  "model": "auth.permission",
  "pk": 56,
  "fields": {
    "name": "Can view Тип оцінки",
    "content_type": 14,
    "codename": "view_marktype"
  }
},
{
  "model": "auth.permission",
  "pk": 57,
  "fields": {
    "name": "Can add Тип оцінки",
    "content_type": 15,
    "codename": "add_mark"
  }
},
{
  "model": "auth.permission",
  "pk": 58,
  "fields": {
    "name": "Can change Тип оцінки",
    "content_type": 15,
    "codename": "change_mark"
  }
},
{
  "model": "auth.permission",
  "pk": 59,
  "fields": {
    "name": "Can delete Тип оцінки",
    "content_type": 15,
    "codename": "delete_mark"
  }
},
{
  "model": "auth.permission",
  "pk": 60,
  "fields": {
    "name": "Can view Тип оцінки",
    "content_type": 15,
    "codename": "view_mark"
  }
},
{
  "model": "auth.permission",
  "pk": 61,
  "fields": {
    "name": "Can add topic",
    "content_type": 16,
    "codename": "add_topic"
  }
},
{
  "model": "auth.permission",
  "pk": 62,
  "fields": {
    "name": "Can change topic",
    "content_type": 16,
    "codename": "change_topic"
  }
},
{
  "model": "auth.permission",
  "pk": 63,
  "fields": {
    "name": "Can delete topic",
    "content_type": 16,
    "codename": "delete_topic"
  }
},
{
  "model": "auth.permission",
  "pk": 64,
  "fields": {
    "name": "Can view topic",
    "content_type": 16,
    "codename": "view_topic"
  }
},
{
  "model": "auth.permission",
  "pk": 65,
  "fields": {
    "name": "Can add Семестр",
    "content_type": 17,
    "codename": "add_semester"
  }
},
{
  "model": "auth.permission",
  "pk": 66,
  "fields": {
    "name": "Can change Семестр",
    "content_type": 17,
    "codename": "change_semester"
  }
},
{
  "model": "auth.permission",
  "pk": 67,
  "fields": {
    "name": "Can delete Семестр",
    "content_type": 17,
    "codename": "delete_semester"
  }
},
{
  "model": "auth.permission",
  "pk": 68,
  "fields": {
    "name": "Can view Семестр",
    "content_type": 17,
    "codename": "view_semester"
  }
},
{
  "model": "auth.group",
  "pk": 1,
  "fields": {
    "name": "Адміністратор",
    "permissions": [
      1,
      2,
      3,
      4,
      9,
      10,
      11,
      12,
      5,
      6,
      7,
      8,
      13,
      14,
      15,
      16,
      17,
      18,
      19,
      20,
      21,
      22,
      23,
      24,
      25,
      26,
      27,
      28,
      29,
      30,
      31,
      32,
      33,
      34,
      35,
      36
    ]
  }
},
{
  "model": "auth.group",
  "pk": 2,
  "fields": {
    "name": "Секретар",
    "permissions": []
  }
},
{
  "model": "auth.group",
  "pk": 3,
  "fields": {
    "name": "Вчитель",
    "permissions": []
  }
},
{
  "model": "auth.group",
  "pk": 4,
  "fields": {
    "name": "Учень",
    "permissions": []
  }
},
{
  "model": "auth.user",
  "pk": 1,
  "fields": {
    "password": "pbkdf2_sha256$260000$vJJONtVMSF3khDubnn4V8z$HTZlibArMFV8tAeIg05Ry4y3aJRA4Eae4wrIaUfEBXU=",
    "last_login": "2021-08-16T08:32:10.197Z",
    "is_superuser": true,
    "username": "Адмін",
    "first_name": "",
    "last_name": "",
    "email": "",
    "is_staff": true,
    "is_active": true,
    "date_joined": "2021-07-18T14:47:53Z",
    "groups": [
      1
    ],
    "user_permissions": []
  }
},
{
  "model": "auth.user",
  "pk": 2,
  "fields": {
    "password": "pbkdf2_sha256$260000$tc6xwI8gsHzu7fT1Z7spis$OI8D3XCOvqsH9j628mmOavQhLAGzPtzIqHc0fV4N4kU=",
    "last_login": "2021-08-19T19:17:57.165Z",
    "is_superuser": false,
    "username": "Секретар",
    "first_name": "",
    "last_name": "",
    "email": "",
    "is_staff": false,
    "is_active": true,
    "date_joined": "2021-07-18T14:51:10Z",
    "groups": [
      2
    ],
    "user_permissions": []
  }
},
{
  "model": "auth.user",
  "pk": 70,
  "fields": {
    "password": "pbkdf2_sha256$260000$58vbAwwPXD9Fp8ZyfO5gdO$ve8PTfRWCcJgRPZDUirPurx10Ss3EMkQDI4jhYL5Th0=",
    "last_login": "2021-08-19T19:26:09.867Z",
    "is_superuser": false,
    "username": "Наталія",
    "first_name": "",
    "last_name": "",
    "email": "",
    "is_staff": false,
    "is_active": true,
    "date_joined": "2021-07-20T14:54:13.679Z",
    "groups": [
      3
    ],
    "user_permissions": []
  }
},
{
  "model": "auth.user",
  "pk": 75,
  "fields": {
    "password": "pbkdf2_sha256$260000$USKxqm06v1B9LwfaVebG9y$Z62IoChLCnvzbhpRO832I84PBsjuDUr1D54OgwgOWwA=",
    "last_login": "2021-08-19T19:31:12.015Z",
    "is_superuser": false,
    "username": "Тарас",
    "first_name": "",
    "last_name": "",
    "email": "",
    "is_staff": false,
    "is_active": true,
    "date_joined": "2021-07-22T07:21:59.371Z",
    "groups": [
      4
    ],
    "user_permissions": []
  }
},
{
  "model": "auth.user",
  "pk": 78,
  "fields": {
    "password": "pbkdf2_sha256$260000$vgB8zOiyiVrErW7HQsSazw$7/jg8ioDmBBaoiuyidRBQ0eR7Zy/y7QRGPiHTYCHlq0=",
    "last_login": null,
    "is_superuser": false,
    "username": "Ірина",
    "first_name": "",
    "last_name": "",
    "email": "",
    "is_staff": false,
    "is_active": true,
    "date_joined": "2021-07-26T17:03:51Z",
    "groups": [
      3
    ],
    "user_permissions": []
  }
},
{
  "model": "auth.user",
  "pk": 79,
  "fields": {
    "password": "pbkdf2_sha256$260000$4Fy8MuKh8BdaHb37SnpWeE$vYJbniCCF0uuc/O5ti5zi1vdmGSLC9aHF/rHn5KiRuQ=",
    "last_login": null,
    "is_superuser": false,
    "username": "Максим",
    "first_name": "",
    "last_name": "",
    "email": "",
    "is_staff": false,
    "is_active": true,
    "date_joined": "2021-07-28T11:22:11Z",
    "groups": [
      4
    ],
    "user_permissions": []
  }
},
{
  "model": "contenttypes.contenttype",
  "pk": 1,
  "fields": {
    "app_label": "admin",
    "model": "logentry"
  }
},
{
  "model": "contenttypes.contenttype",
  "pk": 2,
  "fields": {
    "app_label": "auth",
    "model": "permission"
  }
},
{
  "model": "contenttypes.contenttype",
  "pk": 3,
  "fields": {
    "app_label": "auth",
    "model": "group"
  }
},
{
  "model": "contenttypes.contenttype",
  "pk": 4,
  "fields": {
    "app_label": "auth",
    "model": "user"
  }
},
{
  "model": "contenttypes.contenttype",
  "pk": 5,
  "fields": {
    "app_label": "contenttypes",
    "model": "contenttype"
  }
},
{
  "model": "contenttypes.contenttype",
  "pk": 6,
  "fields": {
    "app_label": "sessions",
    "model": "session"
  }
},
{
  "model": "contenttypes.contenttype",
  "pk": 7,
  "fields": {
    "app_label": "teachers",
    "model": "subject"
  }
},
{
  "model": "contenttypes.contenttype",
  "pk": 8,
  "fields": {
    "app_label": "teachers",
    "model": "teacher"
  }
},
{
  "model": "contenttypes.contenttype",
  "pk": 9,
  "fields": {
    "app_label": "teachers",
    "model": "teachersubjects"
  }
},
{
  "model": "contenttypes.contenttype",
  "pk": 10,
  "fields": {
    "app_label": "students",
    "model": "schooljournal"
  }
},
{
  "model": "contenttypes.contenttype",
  "pk": 11,
  "fields": {
    "app_label": "students",
    "model": "student"
  }
},
{
  "model": "contenttypes.contenttype",
  "pk": 12,
  "fields": {
    "app_label": "students",
    "model": "classsubjects"
  }
},
{
  "model": "contenttypes.contenttype",
  "pk": 13,
  "fields": {
    "app_label": "teachers",
    "model": "classteacher"
  }
},
{
  "model": "contenttypes.contenttype",
  "pk": 14,
  "fields": {
    "app_label": "teachers",
    "model": "marktype"
  }
},
{
  "model": "contenttypes.contenttype",
  "pk": 15,
  "fields": {
    "app_label": "teachers",
    "model": "mark"
  }
},
{
  "model": "contenttypes.contenttype",
  "pk": 16,
  "fields": {
    "app_label": "teachers",
    "model": "topic"
  }
},
{
  "model": "contenttypes.contenttype",
  "pk": 17,
  "fields": {
    "app_label": "teachers",
    "model": "semester"
  }
},
{
  "model": "sessions.session",
  "pk": "aqrf1ep0giwzzbv8q3rv3lu93zegzf7e",
  "fields": {
    "session_data": ".eJxVjMsOgjAQRf-la9O0QzuAS_d-QzOPVlADCYWV8d-VhIVu7znnvkyibR3SVvOSRjVnA-b0uzHJI0870DtNt9nKPK3LyHZX7EGrvc6an5fD_TsYqA7fWsiXoNRQEwUKa6-db9s-OCQoTQHnFRxhZKQcgAUQfQzCoh2KZzDvD_iROEA:1mGLLa:-xlir-xKNS0jmI-PpypnDwS4wjUbWOQm_ZSTS8esB5o",
    "expire_date": "2021-09-01T13:11:10.896Z"
  }
},
{
  "model": "sessions.session",
  "pk": "bq9bfh4eb3jtjo47hp30ps3felst2gmt",
  "fields": {
    "session_data": ".eJxVjMsOgjAQRf-la9O0QzuAS_d-QzOPVlADCYWV8d-VhIVu7znnvkyibR3SVvOSRjVnA-b0uzHJI0870DtNt9nKPK3LyHZX7EGrvc6an5fD_TsYqA7fWsiXoNRQEwUKa6-db9s-OCQoTQHnFRxhZKQcgAUQfQzCoh2KZzDvD_iROEA:1mGLZP:ea48pOSmk9HDA9NHm1-Hl2b9gw-TUXtQYsl4YjYJx6Y",
    "expire_date": "2021-09-01T13:25:27.628Z"
  }
},
{
  "model": "sessions.session",
  "pk": "brcnpfwpo3f21eibuypzan7glkoh72f6",
  "fields": {
    "session_data": ".eJxVjEEOwiAQRe_C2pACdgCX7nsGwjCDVA0kpV0Z765NutDtf-_9lwhxW0vYOi9hJnERdhCn3xFjenDdCd1jvTWZWl2XGeWuyIN2OTXi5_Vw_w5K7OVbZw-gdUxk6QyUGZV3gKNDcKAVAWQFNrHLg01-AKdGQ6x8ZsfGEHrx_gAPXzg0:1m8kYw:lTkyyGseA6lXzyvk2twka3mOwz4rbHnq85KScF8YUPI",
    "expire_date": "2021-08-11T14:29:34.050Z"
  }
},
{
  "model": "sessions.session",
  "pk": "f64u0x9is77l7rdhujqva47mjpeioqql",
  "fields": {
    "session_data": ".eJxVjDsOAiEUAO9CbQj_j6X9noHA4yGrBpJltzLe3ZBsoe3MZN4kxGOv4Ri4hTWTK-Hk8stShCe2KfIjtnun0Nu-rYnOhJ520KVnfN3O9m9Q46hzC0JZIXQBo5Gz7IszynIwLrIipHSSZSc1GpbRc8cSJLDKa80capMs-XwBvbo27A:1m59SW:B_runJQibmZrOHhpPvxWvcYofTsk5XdjKAcquZqyMiU",
    "expire_date": "2021-08-01T16:16:04.967Z"
  }
},
{
  "model": "sessions.session",
  "pk": "hov4uj0eyrd46t2eb0kv13u0nf838fe6",
  "fields": {
    "session_data": ".eJxVjDsOAiEUAO9CbQj_j6X9noHA4yGrBpJltzLe3ZBsoe3MZN4kxGOv4Ri4hTWTK-Hk8stShCe2KfIjtnun0Nu-rYnOhJ520KVnfN3O9m9Q46hzC0JZIXQBo5Gz7IszynIwLrIipHSSZSc1GpbRc8cSJLDKa80capMs-XwBvbo27A:1mFY2U:0ETqurWKpniw7VwxSPyEronK43lxe_GC37ADnRxvJxM",
    "expire_date": "2021-08-30T08:32:10.256Z"
  }
},
{
  "model": "sessions.session",
  "pk": "l26huo1g3z0t3n5fmobccuna84407pu5",
  "fields": {
    "session_data": ".eJxVjEsOwjAMBe-SNYoaN6kTluw5Q-XYLi2gROpnhbg7VOoCtm9m3sv0tK1jvy0695OYs8FgTr9jJn5o2Yncqdyq5VrWecp2V-xBF3utos_L4f4djLSM3zpw26CGJqkX1iCJmAGH6FIGAHadjzkPDYLk5NBTy0k7FwGZIKpH8_4AE-04Ew:1mGnku:Px_FeSMh2nws19yc_0Bk3_-yBAt6MRMuXt3WDuu3LSE",
    "expire_date": "2021-09-02T19:31:12.058Z"
  }
},
{
  "model": "sessions.session",
  "pk": "sg1pulw9bdhctdn68ik718jk8rgmckh8",
  "fields": {
    "session_data": ".eJxVjDsOAiEUAO9CbQj_j6X9noHA4yGrBpJltzLe3ZBsoe3MZN4kxGOv4Ri4hTWTK-Hk8stShCe2KfIjtnun0Nu-rYnOhJ520KVnfN3O9m9Q46hzC0JZIXQBo5Gz7IszynIwLrIipHSSZSc1GpbRc8cSJLDKa80capMs-XwBvbo27A:1mARmp:tpVQJY7qTKotuPycpjuAcLbYWzUdOz_OXVoA8kl5QfY",
    "expire_date": "2021-08-16T06:50:55.694Z"
  }
},
{
  "model": "sessions.session",
  "pk": "zy2lkz421mxhmblhu1rbysf8u3hs29kg",
  "fields": {
    "session_data": ".eJxVjMsOgjAQRf-la9O0QzuAS_d-QzOPVlADCYWV8d-VhIVu7znnvkyibR3SVvOSRjVnA-b0uzHJI0870DtNt9nKPK3LyHZX7EGrvc6an5fD_TsYqA7fWsiXoNRQEwUKa6-db9s-OCQoTQHnFRxhZKQcgAUQfQzCoh2KZzDvD_iROEA:1mGLLS:7AX_WOsTEBlzkEJv2ov2YAQZyvg4CssLn1S9pARNtBU",
    "expire_date": "2021-09-01T13:11:02.038Z"
  }
},
{
  "model": "teachers.teacher",
  "pk": 7,
  "fields": {
    "name": "Наталія",
    "so_name": "Манчук",
    "second_name": "Володимирівна",
    "date": "2021-02-03",
    "address": "Шевченко 32/3",
    "user_id": 70
  }
},
{
  "model": "teachers.teacher",
  "pk": 11,
  "fields": {
    "name": "Ірина",
    "so_name": "Азьома",
    "second_name": "Валеріївна",
    "date": "2021-07-26",
    "address": "Генерала Петрова 3/1",
    "user_id": 78
  }
},
{
  "model": "teachers.subject",
  "pk": 1,
  "fields": {
    "name": "Інформатіка"
  }
},
{
  "model": "teachers.subject",
  "pk": 2,
  "fields": {
    "name": "Алгебра"
  }
},
{
  "model": "teachers.subject",
  "pk": 3,
  "fields": {
    "name": "Геометрія"
  }
},
{
  "model": "teachers.subject",
  "pk": 4,
  "fields": {
    "name": "Математика"
  }
},
{
  "model": "teachers.subject",
  "pk": 7,
  "fields": {
    "name": "Україньська мова"
  }
},
{
  "model": "teachers.subject",
  "pk": 8,
  "fields": {
    "name": "Україньська література"
  }
},
{
  "model": "teachers.subject",
  "pk": 9,
  "fields": {
    "name": "Історія України"
  }
},
{
  "model": "teachers.subject",
  "pk": 11,
  "fields": {
    "name": "Англійська"
  }
},
{
  "model": "teachers.teachersubjects",
  "pk": 2,
  "fields": {
    "teacher_id": 7,
    "subjects": [
      1
    ]
  }
},
{
  "model": "teachers.teachersubjects",
  "pk": 6,
  "fields": {
    "teacher_id": 11,
    "subjects": [
      11
    ]
  }
},
{
  "model": "teachers.classteacher",
  "pk": 12,
  "fields": {
    "subject_id": 11,
    "journal_id": 5,
    "teacher_id": 6
  }
},
{
  "model": "teachers.classteacher",
  "pk": 13,
  "fields": {
    "subject_id": 1,
    "journal_id": 5,
    "teacher_id": 2
  }
},
{
  "model": "teachers.classteacher",
  "pk": 14,
  "fields": {
    "subject_id": 1,
    "journal_id": 2,
    "teacher_id": 2
  }
},
{
  "model": "teachers.marktype",
  "pk": 1,
  "fields": {
    "type": "Тематична"
  }
},
{
  "model": "teachers.marktype",
  "pk": 2,
  "fields": {
    "type": "Звичайна"
  }
},
{
  "model": "teachers.marktype",
  "pk": 3,
  "fields": {
    "type": "Перший семестр"
  }
},
{
  "model": "teachers.marktype",
  "pk": 4,
  "fields": {
    "type": "Річна"
  }
},
{
  "model": "teachers.marktype",
  "pk": 5,
  "fields": {
    "type": "Другий семестр"
  }
},
{
  "model": "teachers.topic",
  "pk": 14,
  "fields": {
    "topic": "Повторення курсу 8 класу",
    "start": "2021-08-10",
    "finish": "2021-08-19",
    "class_teacher": 14
  }
},
{
  "model": "teachers.semester",
  "pk": 76,
  "fields": {
    "start": "2021-08-06",
    "finish": "2021-08-12",
    "semester": 3
  }
},
{
  "model": "teachers.mark",
  "pk": 111,
  "fields": {
    "student": 2,
    "date": "2021-08-18",
    "mark": 10,
    "teacher": 14,
    "subject": 1,
    "type": 2,
    "topic": 14
  }
},
{
  "model": "teachers.mark",
  "pk": 114,
  "fields": {
    "student": 3,
    "date": "2021-08-18",
    "mark": 9,
    "teacher": 14,
    "subject": 1,
    "type": 2,
    "topic": 14
  }
},
{
  "model": "teachers.mark",
  "pk": 115,
  "fields": {
    "student": 2,
    "date": "2021-08-19",
    "mark": 10,
    "teacher": 14,
    "subject": 1,
    "type": 1,
    "topic": 14
  }
},
{
  "model": "teachers.mark",
  "pk": 116,
  "fields": {
    "student": 3,
    "date": "2021-08-19",
    "mark": 9,
    "teacher": 14,
    "subject": 1,
    "type": 1,
    "topic": 14
  }
},
{
  "model": "teachers.mark",
  "pk": 117,
  "fields": {
    "student": 2,
    "date": "2021-08-19",
    "mark": 10,
    "teacher": 14,
    "subject": 1,
    "type": 3,
    "topic": null
  }
},
{
  "model": "teachers.mark",
  "pk": 118,
  "fields": {
    "student": 3,
    "date": "2021-08-19",
    "mark": 9,
    "teacher": 14,
    "subject": 1,
    "type": 3,
    "topic": null
  }
},
{
  "model": "teachers.mark",
  "pk": 132,
  "fields": {
    "student": 2,
    "date": "2021-08-19",
    "mark": 10,
    "teacher": 14,
    "subject": 1,
    "type": 5,
    "topic": null
  }
},
{
  "model": "teachers.mark",
  "pk": 133,
  "fields": {
    "student": 2,
    "date": "2021-08-19",
    "mark": 10,
    "teacher": 14,
    "subject": 1,
    "type": 4,
    "topic": null
  }
},
{
  "model": "teachers.mark",
  "pk": 134,
  "fields": {
    "student": 3,
    "date": "2021-08-19",
    "mark": 9,
    "teacher": 14,
    "subject": 1,
    "type": 5,
    "topic": null
  }
},
{
  "model": "teachers.mark",
  "pk": 135,
  "fields": {
    "student": 3,
    "date": "2021-08-19",
    "mark": 9,
    "teacher": 14,
    "subject": 1,
    "type": 4,
    "topic": null
  }
},
{
  "model": "students.schooljournal",
  "pk": 2,
  "fields": {
    "class_num": 9,
    "class_letter": "б",
    "year": "2021-09-01",
    "class_teacher": 7
  }
},
{
  "model": "students.schooljournal",
  "pk": 5,
  "fields": {
    "class_num": 5,
    "class_letter": "a",
    "year": "2021-09-01",
    "class_teacher": 11
  }
},
{
  "model": "students.student",
  "pk": 2,
  "fields": {
    "name": "Тарас",
    "so_name": "Б'ялик",
    "second_name": "Васильович",
    "date": "2007-03-15",
    "address": "Варненська 17/4",
    "user_id": 75,
    "journal_id": 2
  }
},
{
  "model": "students.student",
  "pk": 3,
  "fields": {
    "name": "Максим",
    "so_name": "Черненко",
    "second_name": "Петров",
    "date": "2006-07-28",
    "address": "Варненьська 20/1",
    "user_id": 79,
    "journal_id": 2
  }
},
{
  "model": "students.classsubjects",
  "pk": 3,
  "fields": {
    "class_num": 9,
    "subjects": [
      1,
      9,
      2,
      11,
      3,
      8,
      7
    ]
  }
},
{
  "model": "students.classsubjects",
  "pk": 4,
  "fields": {
    "class_num": 5,
    "subjects": [
      1,
      9,
      11,
      4,
      8,
      7
    ]
  }
}
]
